user_id,book_id
1,21188
2,33869
3,32122
4,2906
5,22252
6,11095
8,22441
9,43525
10,30373
11,15907
14,24454
15,55091
18,24344
19,29754
20,24357
23,49602
25,21399
26,11113
28,30646
29,24371
30,8037
31,32079
32,37161
33,32150
34,55573
35,24905
36,53653
37,42317
41,30654
42,37351
43,52307
45,44577
48,17381
49,23990
50,28647
51,32167
52,16412
53,24424
55,48247
56,1374
57,32174
58,14514
62,14695
63,16183
64,21722
65,16260
66,39631
67,30671
68,30022
69,30
70,45255
71,29609
72,13861
73,18822
75,37945
76,52780
80,28676
81,16124
82,54593
83,30048
84,45621
86,2244
90,24000
91,49533
92,28674
93,40777
95,56036
96,56229
97,24523
99,50278
100,49919
102,27239
104,29989
106,18594
107,46011
108,46741
110,17053
111,9559
113,32450
114,56333
115,8676
116,41886
117,17937
119,35916
120,49841
121,4217
123,23134
124,39894
125,46235
126,30732
127,43729
128,1381
130,24984
131,6631
132,46682
134,5934
137,20320
139,36752
141,24856
147,42883
148,57585
150,30080
151,15964
152,52845
153,35864
154,34401
155,12707
156,8946
157,10817
158,30468
159,50841
161,34090
165,20006
166,41752
167,42352
171,16432
173,52094
174,30463
175,6665
176,52406
177,42872
178,52128
181,44702
182,32018
183,15967
184,38960
185,17042
186,46673
187,31725
188,5998
189,24247
193,33122
194,42191
195,57773
196,29628
198,24464
199,43821
200,24386
201,30733
204,58032
205,35084
207,39396
209,27188
210,15501
211,50924
212,24658
213,50088
214,15971
215,32417
218,24675
219,21857
221,22466
222,39971
223,5845
225,57584
227,32471
230,27195
231,51154
232,44518
233,13314
234,24334
235,39549
236,57350
237,23558
238,31683
240,8201
241,34251
242,53050
245,37114
247,21513
248,50845
249,58059
252,51149
253,3289
255,13005
256,50399
257,52474
258,28835
260,29984
261,10063
262,39679
264,57845
265,24049
266,21543
267,54794
269,36141
270,21913
271,1988
272,56084
273,2057
275,50779
281,5826
282,36736
283,7770
284,3370
287,47117
288,31064
290,46597
291,36187
292,51280
293,27209
294,51887
296,17329
297,43367
298,21690
300,2979
302,30825
304,28721
305,25093
306,8030
307,28575
308,50317
309,30867
311,39059
312,38062
313,21862
314,52095
315,51813
316,33164
318,28951
319,25624
320,1175
321,45026
322,24085
323,14847
324,43646
326,6035
327,25098
328,19173
329,49851
330,26778
333,49594
334,47502
335,45656
336,30504
337,38077
338,24670
339,6695
340,577
341,31222
343,31751
344,50838
345,30865
346,10254
348,45737
349,30240
350,58100
351,49033
352,50282
353,5803
354,19824
356,33285
357,36939
358,8547
359,41425
360,53121
361,5543
362,25347
363,37183
365,30889
366,40068
367,39357
368,30610
369,53094
370,31241
371,24957
372,51248
374,52161
375,16234
376,30316
377,45311
378,42800
379,36729
380,39348
382,29086
383,32120
384,52405
387,43430
390,43875
394,51925
395,6308
396,32344
398,8553
399,29738
401,29006
402,9368
404,28813
405,43982
406,2244
408,43984
409,24172
411,9702
412,2361
413,7557
415,6673
416,36041
419,8641
420,29663
421,2366
424,19861
425,4622
426,5086
431,20125
432,33112
433,30364
434,43104
436,2434
437,37176
438,3279
440,21348
441,36737
443,17473
445,55276
446,17321
447,34744
448,25691
450,9068
451,51308
452,2276
453,22410
455,24007
456,43183
457,1371
458,7417
459,4872
461,27504
462,17609
463,49689
465,22621
466,49545
468,32771
469,31268
470,30423
471,37679
472,39638
474,50179
476,16789
477,49609
478,24418
479,11223
480,48788
481,18733
482,11225
483,56244
485,55995
486,26965
487,33853
489,25105
490,8405
492,1771
494,24070
495,23632
496,56586
498,19875
502,51290
503,26854
504,28564
507,51627
509,49550
510,21567
513,49464
514,38064
515,42651
517,9355
518,13885
519,2385
520,3770
521,32795
522,13607
524,34148
525,38062
526,26230
527,43159
529,52008
531,50574
533,24357
534,11935
535,19252
536,25800
537,38543
538,51329
540,20130
541,23351
543,51196
545,8930
547,35999
548,21791
549,12689
550,33370
551,23642
552,50577
553,21154
554,25804
555,16485
556,44636
557,27638
558,55637
560,18891
561,16793
563,33967
566,7204
567,51637
568,33972
570,29612
571,24357
575,29893
577,54649
579,52721
581,10718
586,3415
587,2127
588,513
590,24157
592,51199
593,29765
594,40191
595,24916
596,31126
597,6413
598,33339
599,10745
601,24537
602,9329
603,34653
604,6047
605,5950
606,32704
607,51640
610,33533
613,55639
614,33124
616,31705
617,31435
618,34536
619,1219
620,7380
622,56176
624,28794
625,49426
628,32834
630,25917
631,23461
633,51508
634,52678
635,23090
636,52767
638,7976
639,31319
641,48512
642,45522
643,48622
645,14703
646,5985
648,18895
651,49357
652,55651
653,25670
654,9731
656,50546
657,21236
658,4046
659,32284
661,20805
662,10420
664,41284
665,44724
666,43753
668,51744
669,42343
670,42606
673,42623
674,55656
675,21649
676,2421
677,26739
679,2169
680,10093
681,23606
682,45221
683,53436
685,37896
687,3706
689,52482
690,25008
693,19758
694,55079
698,52677
699,48513
701,31336
702,6245
703,14368
705,21209
706,48223
709,3695
710,26887
713,31551
714,26250
715,29274
720,40478
721,16797
722,8742
723,39165
724,48947
726,9510
727,25999
728,42743
730,39998
733,33984
734,6815
735,43782
736,26187
737,12034
742,38554
744,26256
747,41876
749,41544
750,30503
752,53438
754,31443
755,41249
756,22260
757,32234
759,49517
760,38995
762,43381
763,52659
764,24488
765,44313
767,10062
769,11767
770,41823
773,15207
774,42420
776,47757
777,24363
778,5879
779,49911
782,30733
784,17324
785,9640
786,14218
787,10132
788,39417
789,38876
791,17476
792,33645
794,17262
795,37903
796,19151
797,7706
799,1890
800,6337
802,14726
805,53463
806,48355
807,19719
808,37817
809,32244
810,33121
815,28519
818,25767
820,51005
821,37441
822,41848
823,57029
824,31663
825,35945
826,47537
827,30215
828,14281
831,31199
832,22925
833,51651
834,54447
838,54479
842,37124
843,54216
844,7239
845,25584
846,37634
847,7003
848,35513
849,39102
850,24242
851,43250
852,44516
853,9061
854,3410
855,53213
856,3724
858,8092
859,964
860,31801
861,11320
862,10140
863,12049
866,9721
868,12713
870,1
872,1935
874,22641
875,37776
876,19597
877,46847
878,21425
880,4016
881,36749
883,33356
885,40911
886,34197
887,34837
888,56039
889,37132
890,46884
891,32239
893,57938
894,29174
895,44639
896,453
897,45433
898,46109
899,31353
900,50268
901,42036
905,6013
906,6892
907,39455
910,19438
911,32200
912,54873
915,8188
916,16066
918,52908
919,36239
920,38054
922,28570
924,43699
925,21180
926,26491
927,32607
928,28473
929,24891
930,45798
931,46147
932,10940
934,14465
936,11489
937,9490
939,11512
940,1285
941,13924
943,47038
944,2396
946,26537
947,4487
949,4482
950,32226
953,34847
954,34761
955,23984
957,39880
958,8530
959,36050
960,33590
962,1550
963,17515
964,27620
965,34653
967,54842
968,31063
971,48421
973,29314
974,51514
975,29832
977,54903
981,48099
982,57156
983,42069
986,16727
987,40000
989,27872
990,5870
991,32001
992,22824
993,26042
994,14331
997,53952
998,26797
999,38967
1000,26051
1001,22831
1003,12119
1004,27110
1005,7781
1006,11734
1008,11298
1009,3466
1011,38894
1013,40600
1014,3793
1015,17278
1017,40798
1018,9020
1019,24004
1020,41
1021,13178
1023,51031
1025,44597
1026,38817
1028,50634
1029,45116
1031,48467
1032,29337
1035,25085
1038,30627
1039,31371
1040,30692
1041,50641
1042,31521
1043,54430
1044,46775
1045,51075
1046,32472
1047,51491
1049,25670
1050,32912
1051,47220
1052,14256
1053,51490
1054,33102
1055,53442
1057,30048
1059,6868
1060,57431
1061,8897
1062,5901
1064,19372
1065,23250
1066,18198
1067,7417
1068,4053
1069,52657
1070,54411
1071,51368
1072,43061
1073,52559
1075,39808
1076,8601
1077,37132
1078,37967
1081,29756
1082,28518
1083,50688
1084,14466
1085,58012
1086,55671
1087,304
1089,30291
1091,30680
1092,52104
1093,29740
1094,17139
1095,4379
1096,29935
1097,46481
1099,55830
1102,8133
1103,55826
1106,46366
1107,46703
1108,15738
1109,55674
1111,31800
1112,12180
1114,17760
1117,7533
1119,17351
1123,29631
1124,58267
1125,51321
1126,53420
1127,47920
1128,45698
1129,28043
1130,54319
1131,45243
1133,18446
1134,47455
1137,48956
1138,24794
1140,30419
1142,46000
1145,53003
1146,26281
1147,48501
1148,6686
1149,18685
1150,57970
1151,36556
1152,52571
1153,50078
1154,27758
1156,12165
1158,44122
1161,26738
1163,52046
1164,987
1166,56009
1167,33839
1168,46174
1169,49237
1170,45338
1173,24355
1174,25097
1178,52112
1179,26948
1181,33871
1182,39683
1183,48869
1184,2252
1185,41976
1186,46923
1187,32344
1188,19482
1189,28297
1190,30407
1191,49001
1192,48724
1193,49170
1196,31601
1197,18962
1200,46589
1201,28555
1202,13038
1207,10958
1208,10223
1212,24903
1215,36786
1218,58529
1220,33777
1221,46999
1222,4089
1223,37071
1224,33717
1225,23086
1226,34574
1230,37201
1231,56486
1232,33420
1234,3804
1235,49594
1236,31910
1237,29769
1241,30546
1243,50696
1244,14476
1247,29809
1248,46089
1250,9192
1251,23670
1252,451
1253,4428
1254,17800
1255,5668
1256,9105
1257,17353
1258,22876
1260,1485
1261,33403
1262,45681
1263,55934
1264,29661
1265,51786
1266,10714
1267,2685
1269,22245
1271,48609
1272,24070
1273,52318
1274,10186
1275,10609
1276,58313
1277,47071
1278,47593
1280,52244
1282,31999
1285,57564
1286,35268
1288,24184
1289,44143
1290,56676
1293,56559
1295,26699
1299,8164
1300,9890
1303,28070
1304,43866
1306,8531
1308,35845
1310,48121
1311,25697
1312,46293
1314,57778
1315,57070
1317,26734
1318,49793
1319,2672
1320,40310
1322,52115
1323,17868
1327,1359
1328,3659
1329,22880
1331,8653
1332,11711
1333,5320
1335,50587
1337,52079
1338,44985
1339,55878
1340,47945
1341,4274
1342,55694
1343,16042
1344,3522
1345,34287
1346,8321
1348,28073
1349,46323
1350,45734
1351,26879
1352,42797
1353,57690
1355,33263
1357,44526
1358,31911
1359,44136
1360,56734
1361,56666
1362,17939
1363,58533
1364,54891
1366,10247
1367,16765
1368,24321
1369,8898
1370,33186
1371,52168
1372,15002
1373,19118
1374,38116
1375,7581
1377,19475
1378,12009
1379,7853
1380,9988
1381,23287
1382,53704
1383,9035
1385,8321
1386,42935
1387,51208
1388,44678
1389,28406
1390,47153
1391,39665
1392,17
1393,51069
1397,40790
1399,51668
1405,45
1407,28076
1408,37234
1411,10839
1412,40882
1413,12874
1414,9585
1416,37124
1419,37060
1420,40948
1421,50270
1422,45484
1424,56618
1428,48441
1429,28649
1430,3180
1431,50507
1433,52905
1434,43944
1435,46126
1436,37954
1437,18245
1438,4436
1440,6814
1442,40827
1443,35076
1446,44542
1447,5375
1448,5951
1450,43625
