user_id,性别,DEPT,年级,类型,DEPT_encoded,dept_avg_renew,user_dept_avg_cat1_pref
1,F,艺术学院,18,本科,14,0.5142951035162668,0.1508809626125583
2,F,艺术学院,18,本科,14,0.5142951035162668,0.20799599677317718
3,M,电子科学与工程学院,18,本科,9,0.5672328379334749,0.20167848415583806
4,M,人文学院,18,本科,0,0.4201434410426467,0.18589775830047034
5,F,法学院,18,本科,7,0.4060192023633678,0.3123314173778833
6,M,法学院,18,本科,7,0.4060192023633678,0.4722151479642888
7,F,法学院,18,本科,7,0.4060192023633678,0.38055592856113435
8,M,外国语学院,18,本科,4,0.4865988909426987,0.17922539279029934
9,M,数学学院,18,本科,5,0.6766998118785272,0.2939706704815709
10,F,数学学院,18,本科,5,0.6766998118785272,0.329743512430207
11,M,经济管理学院,18,本科,11,0.5593798449612403,0.17382204246686903
12,M,经济管理学院,18,本科,11,0.5593798449612403,0.1765456276347052
13,M,人文学院,18,本科,0,0.4201434410426467,0.06778746047654215
14,F,人文学院,18,本科,0,0.4201434410426467,0.3181172449900742
15,F,人文学院,18,本科,0,0.4201434410426467,0.08991589372549509
16,M,土木工程学院,18,本科,3,0.6401294498381876,0.1989452235402636
17,F,经济管理学院,18,本科,11,0.5593798449612403,0.1641218925418466
18,M,土木工程学院,18,本科,3,0.6401294498381876,0.21246211537427834
19,F,人文学院,18,本科,0,0.4201434410426467,0.3197457281668589
20,F,人文学院,18,本科,0,0.4201434410426467,0.359632369952408
21,M,土木工程学院,18,本科,3,0.6401294498381876,0.12733908665920027
22,M,电子科学与工程学院,18,本科,9,0.5672328379334749,0.15988237303796807
23,M,电子科学与工程学院,18,本科,9,0.5672328379334749,0.27025365962581765
24,M,数学学院,18,本科,5,0.6766998118785272,0.4632267311642124
25,F,经济管理学院,18,本科,11,0.5593798449612403,0.25805340223904866
26,M,法学院,18,本科,7,0.4060192023633678,0.5291728212693332
27,F,经济管理学院,18,本科,11,0.5593798449612403,0.14472499077127804
28,F,经济管理学院,18,本科,11,0.5593798449612403,0.2499359622510449
29,F,人文学院,18,本科,0,0.4201434410426467,0.27549420323363755
30,F,人文学院,18,本科,0,0.4201434410426467,0.09254677674505501
31,F,人文学院,18,本科,0,0.4201434410426467,0.2964922792174304
32,F,人文学院,18,本科,0,0.4201434410426467,0.2883352122022311
33,M,信息科学与工程学院,18,本科,1,0.7051756007393716,0.21507828639724147
34,M,电气工程学院,18,本科,10,0.5771838851216593,0.24048526195521863
35,M,化学化工学院,18,本科,2,0.5572176514584891,0.24869109947457976
36,M,土木工程学院,18,本科,3,0.6401294498381876,0.1673104360228843
37,M,数学学院,18,本科,5,0.6766998118785272,0.25425761692825855
38,F,数学学院,18,本科,5,0.6766998118785272,0.10747398932669701
39,F,信息科学与工程学院,18,本科,1,0.7051756007393716,0.24266929927687167
40,F,电子科学与工程学院,18,本科,9,0.5672328379334749,0.20049754444587956
41,F,经济管理学院,18,本科,11,0.5593798449612403,0.24291472868179392
42,F,人文学院,18,本科,0,0.4201434410426467,0.22836782710209025
43,M,数学学院,18,本科,5,0.6766998118785272,0.3389565017075392
44,M,机械工程学院,18,本科,6,0.7081920903954803,0.16218724778000998
45,M,土木工程学院,18,本科,3,0.6401294498381876,0.17949242037092938
46,F,经济管理学院,18,本科,11,0.5593798449612403,0.18550152689658814
47,F,电子科学与工程学院,18,本科,9,0.5672328379334749,0.24574265746551402
48,M,电子科学与工程学院,18,本科,9,0.5672328379334749,0.25944154924954843
49,M,信息科学与工程学院,18,本科,1,0.7051756007393716,0.2613403606928068
50,M,物理学院,18,本科,8,0.5721231766612642,0.20538447685824573
51,M,能源与环境学院,18,本科,12,0.6686073591057289,0.21145137918493428
52,F,经济管理学院,18,本科,11,0.5593798449612403,0.18317441860436717
53,M,机械工程学院,18,本科,6,0.7081920903954803,0.2332377227285893
54,M,机械工程学院,18,本科,6,0.7081920903954803,0.3003631961250595
55,M,机械工程学院,18,本科,6,0.7081920903954803,0.17883121468876037
56,F,人文学院,18,本科,0,0.4201434410426467,0.21853358525470923
57,M,土木工程学院,18,本科,3,0.6401294498381876,0.15875700316630675
58,F,经济管理学院,18,本科,11,0.5593798449612403,0.20355968992216503
59,F,能源与环境学院,18,本科,12,0.6686073591057289,0.04862438366273629
60,F,信息科学与工程学院,18,本科,1,0.7051756007393716,0.2086386210270662
61,M,经济管理学院,18,本科,11,0.5593798449612403,0.0679643985069288
62,M,人文学院,18,本科,0,0.4201434410426467,0.10956444992836635
63,F,经济管理学院,18,本科,11,0.5593798449612403,0.24288610614154352
64,F,人文学院,18,本科,0,0.4201434410426467,0.3182024816028523
65,M,经济管理学院,18,本科,11,0.5593798449612403,0.17586788001320897
66,M,自动化学院,18,本科,13,0.6293706293706294,0.1517919580412504
67,F,信息科学与工程学院,18,本科,1,0.7051756007393716,0.3213506366803009
68,F,数学学院,18,本科,5,0.6766998118785272,0.2919466093336237
69,F,电子科学与工程学院,18,本科,9,0.5672328379334749,0.22212855418097163
70,F,数学学院,18,本科,5,0.6766998118785272,0.3937602306309811
71,F,人文学院,18,本科,0,0.4201434410426467,0.2945502686303993
72,F,人文学院,18,本科,0,0.4201434410426467,0.3144074626840677
73,F,人文学院,18,本科,0,0.4201434410426467,0.23914552325114585
74,F,信息科学与工程学院,18,本科,1,0.7051756007393716,0.0751266516052211
75,F,能源与环境学院,18,本科,12,0.6686073591057289,0.2686953371623406
76,F,自动化学院,18,本科,13,0.6293706293706294,0.21121623474466183
77,M,计算机科学与工程学院,18,本科,15,0.7337128399746996,0.26473020970007227
78,M,经济管理学院,18,本科,11,0.5593798449612403,0.11231612781226678
79,M,能源与环境学院,18,本科,12,0.6686073591057289,0.23880044036020098
80,F,土木工程学院,18,本科,3,0.6401294498381876,0.23300387766356914
81,M,经济管理学院,18,本科,11,0.5593798449612403,0.15564482029574175
82,M,机械工程学院,18,本科,6,0.7081920903954803,0.21650973006844051
83,F,外国语学院,18,本科,4,0.4865988909426987,0.36539237102839045
84,M,物理学院,18,本科,8,0.5721231766612642,0.32444924665170777
85,M,经济管理学院,18,本科,11,0.5593798449612403,0.12933396614439685
86,M,人文学院,18,本科,0,0.4201434410426467,0.16546155625806627
87,F,人文学院,18,本科,0,0.4201434410426467,0.3218234369583585
88,F,人文学院,18,本科,0,0.4201434410426467,0.29049354416836104
89,M,物理学院,18,本科,8,0.5721231766612642,0.15419328184999484
90,F,人文学院,18,本科,0,0.4201434410426467,0.31299966581811806
91,M,电子科学与工程学院,18,本科,9,0.5672328379334749,0.2005814356875075
92,F,人文学院,18,本科,0,0.4201434410426467,0.332213941683879
93,F,人文学院,18,本科,0,0.4201434410426467,0.34315763090896645
94,F,能源与环境学院,18,本科,12,0.6686073591057289,0.18532318998042024
95,F,艺术学院,18,本科,14,0.5142951035162668,0.12193692213389562
96,F,能源与环境学院,18,本科,12,0.6686073591057289,0.26586075002408055
97,F,经济管理学院,18,本科,11,0.5593798449612403,0.2739534883716683
98,M,信息科学与工程学院,18,本科,1,0.7051756007393716,0.2434611829938922
99,M,电子科学与工程学院,18,本科,9,0.5672328379334749,0.22393253125657964
100,M,电子科学与工程学院,18,本科,9,0.5672328379334749,0.2486012632019939
101,M,信息科学与工程学院,18,本科,1,0.7051756007393716,0.08250924214398682
102,M,经济管理学院,18,本科,11,0.5593798449612403,0.27296362552134185
103,M,经济管理学院,18,本科,11,0.5593798449612403,0.1561291989661662
104,F,能源与环境学院,18,本科,12,0.6686073591057289,0.34503441494511583
105,M,电气工程学院,18,本科,10,0.5771838851216593,0.24387325245313138
106,M,能源与环境学院,18,本科,12,0.6686073591057289,0.2679035346472051
107,M,化学化工学院,18,本科,2,0.5572176514584891,0.16691598105085828
108,M,人文学院,18,本科,0,0.4201434410426467,0.10078205514690378
109,M,人文学院,18,本科,0,0.4201434410426467,0.14427717322909808
110,M,土木工程学院,18,本科,3,0.6401294498381876,0.10211847873465998
111,F,能源与环境学院,18,本科,12,0.6686073591057289,0.17460409874202468
112,F,经济管理学院,18,本科,11,0.5593798449612403,0.27258261933862266
113,F,经济管理学院,18,本科,11,0.5593798449612403,0.24449612403062868
114,F,人文学院,18,本科,0,0.4201434410426467,0.16973958185340013
115,F,人文学院,18,本科,0,0.4201434410426467,0.0872761376894025
116,M,数学学院,18,本科,5,0.6766998118785272,0.4099704380531847
117,F,外国语学院,18,本科,4,0.4865988909426987,0.38814966836832704
118,F,外国语学院,18,本科,4,0.4865988909426987,0.32060438021472865
119,M,电子科学与工程学院,18,本科,9,0.5672328379334749,0.24648450721473444
120,M,电子科学与工程学院,18,本科,9,0.5672328379334749,0.21313989148308632
121,F,计算机科学与工程学院,18,本科,15,0.7337128399746996,0.2021565615480723
122,M,电子科学与工程学院,18,本科,9,0.5672328379334749,0.23478414720369858
123,M,电子科学与工程学院,18,本科,9,0.5672328379334749,0.20917163751484638
124,M,自动化学院,18,本科,13,0.6293706293706294,0.2115278660723345
125,M,电气工程学院,18,本科,10,0.5771838851216593,0.267208957774306
126,M,化学化工学院,18,本科,2,0.5572176514584891,0.21765145848752696
127,F,信息科学与工程学院,18,本科,1,0.7051756007393716,0.19675721289032735
128,M,机械工程学院,18,本科,6,0.7081920903954803,0.17490009645809765
129,M,土木工程学院,18,本科,3,0.6401294498381876,0.13394976113393817
130,F,经济管理学院,18,本科,11,0.5593798449612403,0.20155242758026687
131,F,经济管理学院,18,本科,11,0.5593798449612403,0.22602325581360305
132,F,法学院,18,本科,7,0.4060192023633678,0.2259003305897215
133,F,人文学院,18,本科,0,0.4201434410426467,0.3556801239039955
134,F,人文学院,18,本科,0,0.4201434410426467,0.09983033855163119
135,M,土木工程学院,18,本科,3,0.6401294498381876,0.0782657831199832
136,F,艺术学院,18,本科,14,0.5142951035162668,0.186920169872541
137,F,人文学院,18,本科,0,0.4201434410426467,0.10096065880651564
138,F,艺术学院,19,本科,14,0.5142951035162668,0.14688884607951208
139,M,艺术学院,19,本科,14,0.5142951035162668,0.11895805511059246
140,F,人文学院,19,本科,0,0.4201434410426467,0.18504065876612721
141,F,人文学院,19,本科,0,0.4201434410426467,0.12911128607313463
142,M,人文学院,19,本科,0,0.4201434410426467,0.23377291072190912
143,F,外国语学院,19,本科,4,0.4865988909426987,0.37668339054486616
144,M,机械工程学院,19,本科,6,0.7081920903954803,0.22101156846857128
145,M,机械工程学院,19,本科,6,0.7081920903954803,0.22017083669563847
146,F,能源与环境学院,19,本科,12,0.6686073591057289,0.307181116507369
147,M,信息科学与工程学院,19,本科,1,0.7051756007393716,0.14014451352681448
148,M,土木工程学院,19,本科,3,0.6401294498381876,0.1343812605945629
149,M,计算机科学与工程学院,19,本科,15,0.7337128399746996,0.20549119477881944
150,M,电气工程学院,19,本科,10,0.5771838851216593,0.22393390460643614
151,F,经济管理学院,19,本科,11,0.5593798449612403,0.12945736434088456
152,M,经济管理学院,19,本科,11,0.5593798449612403,0.11804478897483851
153,F,艺术学院,19,本科,14,0.5142951035162668,0.20647686194809678
154,F,艺术学院,19,本科,14,0.5142951035162668,0.2515719136812604
155,M,人文学院,19,本科,0,0.4201434410426467,0.12585436017358176
156,M,人文学院,19,本科,0,0.4201434410426467,0.21262949538555875
157,F,人文学院,19,本科,0,0.4201434410426467,0.0966981271985539
158,F,机械工程学院,19,本科,6,0.7081920903954803,0.2233192090389172
159,M,信息科学与工程学院,19,本科,1,0.7051756007393716,0.22129924503879564
160,M,物理学院,19,本科,8,0.5721231766612642,0.3290995490560948
161,F,艺术学院,19,本科,14,0.5142951035162668,0.13085457646724347
162,F,艺术学院,19,本科,14,0.5142951035162668,0.17623781356088908
163,F,人文学院,19,本科,0,0.4201434410426467,0.17376654347412906
164,M,外国语学院,19,本科,4,0.4865988909426987,0.09397463544832318
165,F,外国语学院,19,本科,4,0.4865988909426987,0.30258219906878603
166,F,人文学院,19,本科,0,0.4201434410426467,0.15638712075809602
167,M,物理学院,19,本科,8,0.5721231766612642,0.40322548372033395
168,F,人文学院,19,本科,0,0.4201434410426467,0.18260424680271897
169,F,电气工程学院,19,本科,10,0.5771838851216593,0.2245155425265393
170,F,能源与环境学院,19,本科,12,0.6686073591057289,0.362620146503792
171,F,人文学院,19,本科,0,0.4201434410426467,0.07424554141151604
172,F,人文学院,19,本科,0,0.4201434410426467,0.18156345595214912
173,M,电子科学与工程学院,19,本科,9,0.5672328379334749,0.23157820240540844
174,M,电气工程学院,19,本科,10,0.5771838851216593,0.24206162139850987
175,F,电气工程学院,19,本科,10,0.5771838851216593,0.2538316442763668
176,M,计算机科学与工程学院,19,本科,15,0.7337128399746996,0.22524052065505526
177,M,物理学院,19,本科,8,0.5721231766612642,0.31185624075430884
178,M,物理学院,19,本科,8,0.5721231766612642,0.23564082721167737
179,M,土木工程学院,19,本科,3,0.6401294498381876,0.09556053439527967
180,M,数学学院,19,本科,5,0.6766998118785272,0.2919681839727292
181,M,机械工程学院,19,本科,6,0.7081920903954803,0.16319612590752933
182,M,物理学院,19,本科,8,0.5721231766612642,0.3490640988953717
183,F,经济管理学院,19,本科,11,0.5593798449612403,0.23872340425494903
184,F,经济管理学院,19,本科,11,0.5593798449612403,0.21505352528575
185,M,经济管理学院,19,本科,11,0.5593798449612403,0.19892334194628936
186,M,化学化工学院,19,本科,2,0.5572176514584891,0.1118266231270254
187,F,人文学院,19,本科,0,0.4201434410426467,0.13752676207358283
188,M,人文学院,19,本科,0,0.4201434410426467,0.12537855971177064
189,M,信息科学与工程学院,19,本科,1,0.7051756007393716,0.2971901872531911
190,M,电子科学与工程学院,19,本科,9,0.5672328379334749,0.206316648073448
191,M,电子科学与工程学院,19,本科,9,0.5672328379334749,0.24768813399299006
192,M,物理学院,19,本科,8,0.5721231766612642,0.31771840853072464
193,M,经济管理学院,19,本科,11,0.5593798449612403,0.20270337699335944
194,M,数学学院,19,本科,5,0.6766998118785272,0.4015244460532386
195,M,土木工程学院,19,本科,3,0.6401294498381876,0.16981465136768306
196,M,能源与环境学院,19,本科,12,0.6686073591057289,0.34044361082008856
197,F,机械工程学院,19,本科,6,0.7081920903954803,0.2079883300911046
198,M,能源与环境学院,19,本科,12,0.6686073591057289,0.1834642418592501
199,F,物理学院,19,本科,8,0.5721231766612642,0.27472265148796843
200,F,物理学院,19,本科,8,0.5721231766612642,0.14737979470476836
201,M,物理学院,19,本科,8,0.5721231766612642,0.3055674031090433
202,M,人文学院,19,本科,0,0.4201434410426467,0.038512478163603064
203,M,计算机科学与工程学院,19,本科,15,0.7337128399746996,0.16470435822884172
204,M,物理学院,19,本科,8,0.5721231766612642,0.3423498947428365
205,F,经济管理学院,19,本科,11,0.5593798449612403,0.18450941306726654
206,F,物理学院,19,本科,8,0.5721231766612642,0.30561583752089744
207,M,物理学院,19,本科,8,0.5721231766612642,0.2360188912693546
208,M,经济管理学院,19,本科,11,0.5593798449612403,0.14508127031735446
209,F,人文学院,19,本科,0,0.4201434410426467,0.08069877786926598
210,M,外国语学院,19,本科,4,0.4865988909426987,0.09896796056639418
211,M,电子科学与工程学院,19,本科,9,0.5672328379334749,0.21553432413228757
212,M,电气工程学院,19,本科,10,0.5771838851216593,0.2629610064781068
213,M,机械工程学院,19,本科,6,0.7081920903954803,0.27999486389237804
214,F,经济管理学院,19,本科,11,0.5593798449612403,0.16181524547778528
215,M,机械工程学院,19,本科,6,0.7081920903954803,0.185533299092097
216,M,机械工程学院,19,本科,6,0.7081920903954803,0.2641907610494365
217,F,能源与环境学院,19,本科,12,0.6686073591057289,0.2821010957755792
218,M,机械工程学院,19,本科,6,0.7081920903954803,0.22573896667421697
219,M,土木工程学院,19,本科,3,0.6401294498381876,0.18882927383142137
220,F,人文学院,19,本科,0,0.4201434410426467,0.1058296200297502
221,F,电气工程学院,19,本科,10,0.5771838851216593,0.27416566945775495
222,M,物理学院,19,本科,8,0.5721231766612642,0.32331622546196664
223,F,人文学院,19,本科,0,0.4201434410426467,0.11240070949324255
224,M,人文学院,19,本科,0,0.4201434410426467,0.07602036689752567
225,M,土木工程学院,19,本科,3,0.6401294498381876,0.19065328286942576
226,F,经济管理学院,19,本科,11,0.5593798449612403,0.1821505376341262
227,F,自动化学院,19,本科,13,0.6293706293706294,0.17483269418671785
228,M,物理学院,19,本科,8,0.5721231766612642,0.3833904579692513
229,F,经济管理学院,19,本科,11,0.5593798449612403,0.13602536997864745
230,M,机械工程学院,19,本科,6,0.7081920903954803,0.2452250774551119
231,F,电气工程学院,19,本科,10,0.5771838851216593,0.31776581128269293
232,M,土木工程学院,19,本科,3,0.6401294498381876,0.1870467181142757
233,M,土木工程学院,19,本科,3,0.6401294498381876,0.09329977226397226
234,F,外国语学院,19,本科,4,0.4865988909426987,0.3028504718343822
235,F,外国语学院,19,本科,4,0.4865988909426987,0.27961040807492005
236,M,土木工程学院,19,本科,3,0.6401294498381876,0.13707078250738
237,M,能源与环境学院,19,本科,12,0.6686073591057289,0.34623551330092794
238,F,能源与环境学院,19,本科,12,0.6686073591057289,0.33629850709602266
239,M,化学化工学院,19,本科,2,0.5572176514584891,0.08094147344741257
240,F,人文学院,19,本科,0,0.4201434410426467,0.09597942603457582
241,M,信息科学与工程学院,19,本科,1,0.7051756007393716,0.15220784555315006
242,M,信息科学与工程学院,19,本科,1,0.7051756007393716,0.20951814245514094
243,M,能源与环境学院,19,本科,12,0.6686073591057289,0.20449407568084882
244,F,经济管理学院,19,本科,11,0.5593798449612403,0.21058283089258192
245,M,信息科学与工程学院,19,本科,1,0.7051756007393716,0.2348358514822188
246,M,经济管理学院,19,本科,11,0.5593798449612403,0.20526192154067308
247,F,能源与环境学院,19,本科,12,0.6686073591057289,0.2124707047850679
248,M,经济管理学院,19,本科,11,0.5593798449612403,0.23269622092987177
249,M,电子科学与工程学院,19,本科,9,0.5672328379334749,0.16874557678638097
250,F,物理学院,19,本科,8,0.5721231766612642,0.29698279390177296
251,F,经济管理学院,19,本科,11,0.5593798449612403,0.17236821705399633
252,M,机械工程学院,19,本科,6,0.7081920903954803,0.23500403551184626
253,F,人文学院,19,本科,0,0.4201434410426467,0.2333297568072342
254,F,人文学院,19,本科,0,0.4201434410426467,0.13446187739475282
255,M,人文学院,19,本科,0,0.4201434410426467,0.16384668774568995
256,M,信息科学与工程学院,19,本科,1,0.7051756007393716,0.2337379036636983
257,M,电子科学与工程学院,19,本科,9,0.5672328379334749,0.15843663675947864
258,M,物理学院,19,本科,8,0.5721231766612642,0.19671505414123402
259,M,经济管理学院,19,本科,11,0.5593798449612403,0.21509838998177744
260,F,机械工程学院,19,本科,6,0.7081920903954803,0.2197409544410189
261,F,法学院,19,本科,7,0.4060192023633678,0.21206100222628896
262,F,外国语学院,19,本科,4,0.4865988909426987,0.3191537193370874
263,M,电子科学与工程学院,19,本科,9,0.5672328379334749,0.1919084689778536
264,M,机械工程学院,19,本科,6,0.7081920903954803,0.19983702737883574
265,M,人文学院,19,本科,0,0.4201434410426467,0.306932983727688
266,F,人文学院,19,本科,0,0.4201434410426467,0.31880542916609944
267,M,能源与环境学院,19,本科,12,0.6686073591057289,0.16400927199623855
268,F,自动化学院,19,本科,13,0.6293706293706294,0.27854182854053
269,F,艺术学院,19,本科,14,0.5142951035162668,0.1815116661186633
270,F,人文学院,19,本科,0,0.4201434410426467,0.18198056107673719
271,M,计算机科学与工程学院,19,本科,15,0.7337128399746996,0.14880655148213082
272,F,艺术学院,19,本科,14,0.5142951035162668,0.19511491747504942
273,F,人文学院,19,本科,0,0.4201434410426467,0.22492260573526485
274,F,人文学院,19,本科,0,0.4201434410426467,0.12669597182581935
275,M,信息科学与工程学院,19,本科,1,0.7051756007393716,0.30288560279248156
276,M,能源与环境学院,19,本科,12,0.6686073591057289,0.08506974235755935
277,F,能源与环境学院,19,本科,12,0.6686073591057289,0.1787977586762431
278,M,能源与环境学院,19,本科,12,0.6686073591057289,0.17599751591326815
279,F,人文学院,19,本科,0,0.4201434410426467,0.233472259011827
280,M,经济管理学院,19,本科,11,0.5593798449612403,0.21041712809122048
281,F,经济管理学院,19,本科,11,0.5593798449612403,0.1867168262651004
282,F,经济管理学院,19,本科,11,0.5593798449612403,0.21213023255781063
283,M,人文学院,20,本科,0,0.4201434410426467,0.1363564907367357
284,F,人文学院,20,本科,0,0.4201434410426467,0.21412485247344606
285,M,数学学院,20,本科,5,0.6766998118785272,0.28109142071157683
286,M,数学学院,20,本科,5,0.6766998118785272,0.32210235343715027
287,M,土木工程学院,20,本科,3,0.6401294498381876,0.20795310406916026
288,M,能源与环境学院,20,本科,12,0.6686073591057289,0.20406658238469125
289,M,人文学院,20,本科,0,0.4201434410426467,0.1026008328833943
290,F,经济管理学院,20,本科,11,0.5593798449612403,0.18761593907219654
291,F,艺术学院,20,本科,14,0.5142951035162668,0.18585501747646693
292,M,人文学院,20,本科,0,0.4201434410426467,0.08709162282485237
293,M,信息科学与工程学院,20,本科,1,0.7051756007393716,0.2734655322381417
294,F,电气工程学院,20,本科,10,0.5771838851216593,0.26799036771008056
295,M,自动化学院,20,本科,13,0.6293706293706294,0.291326217640649
296,M,经济管理学院,20,本科,11,0.5593798449612403,0.1580539615420886
297,M,信息科学与工程学院,20,本科,1,0.7051756007393716,0.17902453369140287
298,F,外国语学院,20,本科,4,0.4865988909426987,0.22926293900078898
299,F,人文学院,20,本科,0,0.4201434410426467,0.1496929508096852
300,M,经济管理学院,20,本科,11,0.5593798449612403,0.1551237809449958
301,M,人文学院,20,本科,0,0.4201434410426467,0.09309786380805653
302,F,法学院,20,本科,7,0.4060192023633678,0.18386520559204828
303,M,数学学院,20,本科,5,0.6766998118785272,0.4331452118594469
304,M,电子科学与工程学院,20,本科,9,0.5672328379334749,0.28964378391027495
305,M,电子科学与工程学院,20,本科,9,0.5672328379334749,0.17378579054000665
306,M,数学学院,20,本科,5,0.6766998118785272,0.25778052735267437
307,M,计算机科学与工程学院,20,本科,15,0.7337128399746996,0.3496732026121674
308,F,信息科学与工程学院,20,本科,1,0.7051756007393716,0.1670352521781195
309,M,化学化工学院,20,本科,2,0.5572176514584891,0.33881824981048003
310,M,人文学院,20,本科,0,0.4201434410426467,0.22155254067013028
311,M,人文学院,20,本科,0,0.4201434410426467,0.27122907189007295
312,F,数学学院,20,本科,5,0.6766998118785272,0.2659679297672688
313,M,数学学院,20,本科,5,0.6766998118785272,0.3856157035888189
314,M,数学学院,20,本科,5,0.6766998118785272,0.3558096592130949
315,F,信息科学与工程学院,20,本科,1,0.7051756007393716,0.26819162045532613
316,M,信息科学与工程学院,20,本科,1,0.7051756007393716,0.26070697916419494
317,M,信息科学与工程学院,20,本科,1,0.7051756007393716,0.1782677581194719
318,M,计算机科学与工程学院,20,本科,15,0.7337128399746996,0.3276279557093749
319,M,经济管理学院,20,本科,11,0.5593798449612403,0.2639683325082498
320,F,人文学院,20,本科,0,0.4201434410426467,0.1698763965482266
321,M,电子科学与工程学院,20,本科,9,0.5672328379334749,0.2440728945497379
322,M,人文学院,20,本科,0,0.4201434410426467,0.2803447805373614
323,F,经济管理学院,20,本科,11,0.5593798449612403,0.14786976744163122
324,M,计算机科学与工程学院,20,本科,15,0.7337128399746996,0.19432799376191753
325,M,信息科学与工程学院,20,本科,1,0.7051756007393716,0.2248613678368187
326,M,人文学院,20,本科,0,0.4201434410426467,0.1809854120333175
327,M,能源与环境学院,20,本科,12,0.6686073591057289,0.3121703445403674
328,F,外国语学院,20,本科,4,0.4865988909426987,0.21333043383613498
329,M,物理学院,20,本科,8,0.5721231766612642,0.19628448441015586
330,F,人文学院,20,本科,0,0.4201434410426467,0.2006779894624582
331,F,信息科学与工程学院,20,本科,1,0.7051756007393716,0.35027726432451417
332,M,电子科学与工程学院,20,本科,9,0.5672328379334749,0.11500353857001062
333,M,信息科学与工程学院,20,本科,1,0.7051756007393716,0.20871389221074607
334,M,土木工程学院,20,本科,3,0.6401294498381876,0.23126213592183115
335,M,物理学院,20,本科,8,0.5721231766612642,0.39061468275195665
336,F,土木工程学院,20,本科,3,0.6401294498381876,0.17477338227916372
337,M,经济管理学院,20,本科,11,0.5593798449612403,0.21327954437555924
338,F,人文学院,20,本科,0,0.4201434410426467,0.09754852816417883
339,F,人文学院,20,本科,0,0.4201434410426467,0.1286777525392633
340,F,艺术学院,20,本科,14,0.5142951035162668,0.27841095808516375
341,M,土木工程学院,20,本科,3,0.6401294498381876,0.20229557713009214
342,M,经济管理学院,20,本科,11,0.5593798449612403,0.20196382428909257
343,F,化学化工学院,20,本科,2,0.5572176514584891,0.28069060084556957
344,F,信息科学与工程学院,20,本科,1,0.7051756007393716,0.1986367837333673
345,F,艺术学院,20,本科,14,0.5142951035162668,0.2025156780586003
346,F,法学院,20,本科,7,0.4060192023633678,0.27221586058247954
347,F,人文学院,20,本科,0,0.4201434410426467,0.27846991245746316
348,F,物理学院,20,本科,8,0.5721231766612642,0.2833176945590199
349,M,能源与环境学院,20,本科,12,0.6686073591057289,0.3640527303769874
350,M,信息科学与工程学院,20,本科,1,0.7051756007393716,0.2084103512009972
351,M,电气工程学院,20,本科,10,0.5771838851216593,0.289614611002927
352,M,自动化学院,20,本科,13,0.6293706293706294,0.21145950823271598
353,F,数学学院,20,本科,5,0.6766998118785272,0.31757077427053326
354,M,自动化学院,20,本科,13,0.6293706293706294,0.17951860873125497
355,F,人文学院,20,本科,0,0.4201434410426467,0.18148284105793053
356,M,艺术学院,20,本科,14,0.5142951035162668,0.255586592178351
357,F,艺术学院,20,本科,14,0.5142951035162668,0.26063611648966006
358,F,法学院,20,本科,7,0.4060192023633678,0.2699125099415537
359,M,土木工程学院,20,本科,3,0.6401294498381876,0.2293162788303472
360,M,自动化学院,20,本科,13,0.6293706293706294,0.27522562907049986
361,M,信息科学与工程学院,20,本科,1,0.7051756007393716,0.1756208309889055
362,M,信息科学与工程学院,20,本科,1,0.7051756007393716,0.18691439862280734
363,F,人文学院,20,本科,0,0.4201434410426467,0.33035830165479074
364,F,人文学院,20,本科,0,0.4201434410426467,0.3052789175703616
365,F,人文学院,20,本科,0,0.4201434410426467,0.20803825565409284
366,M,艺术学院,20,本科,14,0.5142951035162668,0.2538832292689442
367,F,人文学院,20,本科,0,0.4201434410426467,0.2939063263152922
368,F,能源与环境学院,20,本科,12,0.6686073591057289,0.29431856580477045
369,M,数学学院,20,本科,5,0.6766998118785272,0.356818656871447
370,M,自动化学院,20,本科,13,0.6293706293706294,0.21220597584135018
371,M,自动化学院,20,本科,13,0.6293706293706294,0.20754147812874585
372,M,信息科学与工程学院,20,本科,1,0.7051756007393716,0.20521055002360206
373,M,电气工程学院,20,本科,10,0.5771838851216593,0.2381684225336003
374,F,自动化学院,20,本科,13,0.6293706293706294,0.2308555641878213
375,M,能源与环境学院,20,本科,12,0.6686073591057289,0.3263565440141445
376,M,机械工程学院,20,本科,6,0.7081920903954803,0.2568373111949392
377,M,能源与环境学院,20,本科,12,0.6686073591057289,0.12536261914599897
378,M,数学学院,20,本科,5,0.6766998118785272,0.4030739452526167
379,M,数学学院,20,本科,5,0.6766998118785272,0.22433485622084298
380,F,人文学院,20,本科,0,0.4201434410426467,0.34551723867470113
381,M,能源与环境学院,20,本科,12,0.6686073591057289,0.2600306074915762
382,M,机械工程学院,20,本科,6,0.7081920903954803,0.27319747107805525
383,F,信息科学与工程学院,20,本科,1,0.7051756007393716,0.25306280359310485
384,M,自动化学院,20,本科,13,0.6293706293706294,0.23880356403609562
385,M,电气工程学院,20,本科,10,0.5771838851216593,0.19256805581974606
386,M,土木工程学院,20,本科,3,0.6401294498381876,0.18673938231610995
387,F,经济管理学院,20,本科,11,0.5593798449612403,0.25262763966814616
388,M,能源与环境学院,20,本科,12,0.6686073591057289,0.14346611044700394
389,M,土木工程学院,20,本科,3,0.6401294498381876,0.13268158935606036
390,M,土木工程学院,20,本科,3,0.6401294498381876,0.15693994965805766
391,M,经济管理学院,20,本科,11,0.5593798449612403,0.22034237726064032
392,M,经济管理学院,20,本科,11,0.5593798449612403,0.0803892462476075
393,M,化学化工学院,20,本科,2,0.5572176514584891,0.11723474730118534
394,F,机械工程学院,20,本科,6,0.7081920903954803,0.23928571428503836
395,F,人文学院,20,本科,0,0.4201434410426467,0.16757588661505782
396,F,经济管理学院,20,本科,11,0.5593798449612403,0.24947356242006907
397,M,自动化学院,20,本科,13,0.6293706293706294,0.32479254079102665
398,M,信息科学与工程学院,20,本科,1,0.7051756007393716,0.30798229399675897
399,M,土木工程学院,20,本科,3,0.6401294498381876,0.23942924389474676
400,F,信息科学与工程学院,20,本科,1,0.7051756007393716,0.24878591833247846
401,M,计算机科学与工程学院,20,本科,15,0.7337128399746996,0.23002319207107302
402,M,能源与环境学院,20,本科,12,0.6686073591057289,0.19882671279923533
403,M,土木工程学院,20,本科,3,0.6401294498381876,0.13622892181881696
404,M,数学学院,20,本科,5,0.6766998118785272,0.3203909172726147
405,M,电气工程学院,20,本科,10,0.5771838851216593,0.1977723911501424
406,M,电气工程学院,20,本科,10,0.5771838851216593,0.2511241251757761
407,M,数学学院,20,本科,5,0.6766998118785272,0.27270410071490453
408,M,能源与环境学院,20,本科,12,0.6686073591057289,0.25175856591727164
409,M,电子科学与工程学院,20,本科,9,0.5672328379334749,0.19028859007560253
410,F,人文学院,20,本科,0,0.4201434410426467,0.35123632925718895
411,F,法学院,20,本科,7,0.4060192023633678,0.18139945706381932
412,F,人文学院,20,本科,0,0.4201434410426467,0.10625874472554023
413,F,人文学院,20,本科,0,0.4201434410426467,0.20367599804616562
414,M,人文学院,20,本科,0,0.4201434410426467,0.15342910091105244
415,F,经济管理学院,20,本科,11,0.5593798449612403,0.21748902260496447
416,M,机械工程学院,20,本科,6,0.7081920903954803,0.13556989581675277
417,M,能源与环境学院,20,本科,12,0.6686073591057289,0.13324406148082618
418,M,自动化学院,20,本科,13,0.6293706293706294,0.26949427384084357
419,M,外国语学院,20,本科,4,0.4865988909426987,0.17841035120065432
420,M,外国语学院,20,本科,4,0.4865988909426987,0.3101805772771106
421,F,经济管理学院,20,本科,11,0.5593798449612403,0.2541169076048857
422,M,经济管理学院,20,本科,11,0.5593798449612403,0.2354651162787047
423,M,物理学院,20,本科,8,0.5721231766612642,0.33979860243725346
424,F,能源与环境学院,20,本科,12,0.6686073591057289,0.19473190683397126
425,F,经济管理学院,20,本科,11,0.5593798449612403,0.17626221772807185
426,F,经济管理学院,20,本科,11,0.5593798449612403,0.17155142118836453
427,F,机械工程学院,20,本科,6,0.7081920903954803,0.15235605240971506
428,M,外国语学院,20,本科,4,0.4865988909426987,0.16166616831500807
429,F,法学院,20,本科,7,0.4060192023633678,0.4886462216586134
430,M,人文学院,21,本科,0,0.4201434410426467,0.1550345749465399
431,F,法学院,21,本科,7,0.4060192023633678,0.33456818253183146
432,F,人文学院,21,本科,0,0.4201434410426467,0.32570815355250915
433,F,经济管理学院,21,本科,11,0.5593798449612403,0.2005247465709473
434,M,数学学院,21,本科,5,0.6766998118785272,0.4116679189805148
435,M,土木工程学院,21,本科,3,0.6401294498381876,0.09423391446546812
436,M,人文学院,21,本科,0,0.4201434410426467,0.17667685277999792
437,M,人文学院,21,本科,0,0.4201434410426467,0.1603750546257214
438,F,人文学院,21,本科,0,0.4201434410426467,0.17406656991744207
439,F,人文学院,21,本科,0,0.4201434410426467,0.17874535704282654
440,F,艺术学院,21,本科,14,0.5142951035162668,0.16940145789115654
441,F,艺术学院,21,本科,14,0.5142951035162668,0.2615986776595777
442,F,艺术学院,21,本科,14,0.5142951035162668,0.2863128491615407
443,F,艺术学院,21,本科,14,0.5142951035162668,0.21928947497184656
444,F,艺术学院,21,本科,14,0.5142951035162668,0.3021739940571853
445,M,艺术学院,21,本科,14,0.5142951035162668,0.2071937450005586
446,F,艺术学院,21,本科,14,0.5142951035162668,0.17419572336708036
447,F,艺术学院,21,本科,14,0.5142951035162668,0.2139518749768274
448,F,化学化工学院,21,本科,2,0.5572176514584891,0.2267098811584473
449,F,人文学院,21,本科,0,0.4201434410426467,0.09299246805987532
450,M,法学院,21,本科,7,0.4060192023633678,0.18187327197633352
451,F,人文学院,21,本科,0,0.4201434410426467,0.176190259189275
452,M,人文学院,21,本科,0,0.4201434410426467,0.2474240630897264
453,F,人文学院,21,本科,0,0.4201434410426467,0.33681730036025803
454,F,艺术学院,21,本科,14,0.5142951035162668,0.1298126848502632
455,M,化学化工学院,21,本科,2,0.5572176514584891,0.23409394656322824
456,F,艺术学院,21,本科,14,0.5142951035162668,0.16976339138979665
457,F,人文学院,21,本科,0,0.4201434410426467,0.2696596017841699
458,F,经济管理学院,21,本科,11,0.5593798449612403,0.16837209302299477
459,F,机械工程学院,21,本科,6,0.7081920903954803,0.20199309478913435
460,M,经济管理学院,21,本科,11,0.5593798449612403,0.11918252290326836
461,F,法学院,21,本科,7,0.4060192023633678,0.1899539692896084
462,M,经济管理学院,21,本科,11,0.5593798449612403,0.18064633041349218
463,M,电子科学与工程学院,21,本科,9,0.5672328379334749,0.2485659477772707
464,M,经济管理学院,21,本科,11,0.5593798449612403,0.15391627906952882
465,M,物理学院,21,本科,8,0.5721231766612642,0.26960505728593465
466,M,自动化学院,21,本科,13,0.6293706293706294,0.31929551929403077
467,M,信息科学与工程学院,21,本科,1,0.7051756007393716,0.16495576973819823
468,M,外国语学院,21,本科,4,0.4865988909426987,0.4382584585690589
469,F,人文学院,21,本科,0,0.4201434410426467,0.29191301851686524
470,M,经济管理学院,21,本科,11,0.5593798449612403,0.2974366925059988
471,M,法学院,21,本科,7,0.4060192023633678,0.18316659952519784
472,M,自动化学院,21,本科,13,0.6293706293706294,0.1922756981571547
473,M,能源与环境学院,21,本科,12,0.6686073591057289,0.3942322620701889
474,M,机械工程学院,21,本科,6,0.7081920903954803,0.2056967984928276
475,F,数学学院,21,本科,5,0.6766998118785272,0.2295451491528365
476,F,电子科学与工程学院,21,本科,9,0.5672328379334749,0.21724463316743134
477,M,电子科学与工程学院,21,本科,9,0.5672328379334749,0.14528553541240985
478,M,法学院,21,本科,7,0.4060192023633678,0.1405796363263334
479,M,法学院,21,本科,7,0.4060192023633678,0.30097165804966586
480,M,数学学院,21,本科,5,0.6766998118785272,0.240785887049685
481,M,电子科学与工程学院,21,本科,9,0.5672328379334749,0.18272060192880551
482,M,法学院,21,本科,7,0.4060192023633678,0.3865224160637999
483,M,人文学院,21,本科,0,0.4201434410426467,0.23733386262967054
484,F,人文学院,21,本科,0,0.4201434410426467,0.10027552458330566
485,M,人文学院,21,本科,0,0.4201434410426467,0.0970090743167808
486,F,经济管理学院,21,本科,11,0.5593798449612403,0.21155900086099844
487,F,法学院,21,本科,7,0.4060192023633678,0.07405142171330494
488,F,人文学院,21,本科,0,0.4201434410426467,0.1460585468087551
489,F,人文学院,21,本科,0,0.4201434410426467,0.32580496359679995
490,M,人文学院,21,本科,0,0.4201434410426467,0.1884741609040302
491,F,数学学院,21,本科,5,0.6766998118785272,0.2983435537848375
492,F,人文学院,21,本科,0,0.4201434410426467,0.18373336841470322
493,M,人文学院,21,本科,0,0.4201434410426467,0.24005603969031122
494,M,电子科学与工程学院,21,本科,9,0.5672328379334749,0.2329059829051588
495,M,人文学院,21,本科,0,0.4201434410426467,0.34078258926876986
496,M,能源与环境学院,21,本科,12,0.6686073591057289,0.1958971778644308
497,M,信息科学与工程学院,21,本科,1,0.7051756007393716,0.22388896788105686
498,F,艺术学院,21,本科,14,0.5142951035162668,0.304929346039591
499,F,人文学院,21,本科,0,0.4201434410426467,0.2832782625716355
500,F,经济管理学院,21,本科,11,0.5593798449612403,0.22733315512750996
501,F,外国语学院,21,本科,4,0.4865988909426987,0.06040665434352862
502,F,外国语学院,21,本科,4,0.4865988909426987,0.4117236598871916
503,F,法学院,21,本科,7,0.4060192023633678,0.3322830800012925
504,F,人文学院,21,本科,0,0.4201434410426467,0.14683110234503902
505,M,土木工程学院,21,本科,3,0.6401294498381876,0.23400547672341845
506,M,土木工程学院,21,本科,3,0.6401294498381876,0.23224574247920607
507,M,数学学院,21,本科,5,0.6766998118785272,0.21779091641973183
508,M,电子科学与工程学院,21,本科,9,0.5672328379334749,0.2414535831863206
509,M,电子科学与工程学院,21,本科,9,0.5672328379334749,0.21569021250473588
510,F,人文学院,21,本科,0,0.4201434410426467,0.298077926319523
511,F,人文学院,21,本科,0,0.4201434410426467,0.18571180689428107
512,F,物理学院,21,本科,8,0.5721231766612642,0.3453459179439188
513,M,物理学院,21,本科,8,0.5721231766612642,0.22955416634385
514,M,能源与环境学院,21,本科,12,0.6686073591057289,0.2780699250260213
515,M,电子科学与工程学院,21,本科,9,0.5672328379334749,0.25015923566790466
516,M,电子科学与工程学院,21,本科,9,0.5672328379334749,0.24606544670151867
517,M,人文学院,21,本科,0,0.4201434410426467,0.10169602126099256
518,M,机械工程学院,21,本科,6,0.7081920903954803,0.20672454182110542
519,F,人文学院,21,本科,0,0.4201434410426467,0.18349142695546372
520,F,电子科学与工程学院,21,本科,9,0.5672328379334749,0.16953758228785368
521,M,能源与环境学院,21,本科,12,0.6686073591057289,0.21724016494888462
522,F,机械工程学院,21,本科,6,0.7081920903954803,0.15515536723120013
523,F,艺术学院,21,本科,14,0.5142951035162668,0.16178886934306794
524,F,艺术学院,21,本科,14,0.5142951035162668,0.29096000800077926
525,F,人文学院,21,本科,0,0.4201434410426467,0.2693438020419825
526,F,人文学院,21,本科,0,0.4201434410426467,0.3306670779668924
527,M,数学学院,21,本科,5,0.6766998118785272,0.3800883208738264
528,M,自动化学院,21,本科,13,0.6293706293706294,0.2104118104108295
529,M,土木工程学院,21,本科,3,0.6401294498381876,0.22848899927197888
530,F,人文学院,21,本科,0,0.4201434410426467,0.32359415859815055
531,M,自动化学院,21,本科,13,0.6293706293706294,0.27781767781638267
532,F,人文学院,21,本科,0,0.4201434410426467,0.08741193708910465
533,F,法学院,21,本科,7,0.4060192023633678,0.27996522648889716
534,F,法学院,21,本科,7,0.4060192023633678,0.309956450872957
535,M,外国语学院,21,本科,4,0.4865988909426987,0.16625195506819235
536,F,人文学院,21,本科,0,0.4201434410426467,0.28832662476137105
537,F,化学化工学院,21,本科,2,0.5572176514584891,0.1856490396077714
538,F,土木工程学院,21,本科,3,0.6401294498381876,0.2385309404721734
539,M,数学学院,21,本科,5,0.6766998118785272,0.23885866795105815
540,M,数学学院,21,本科,5,0.6766998118785272,0.1666090784602835
541,M,数学学院,21,本科,5,0.6766998118785272,0.31373924450696644
542,M,电子科学与工程学院,21,本科,9,0.5672328379334749,0.26843107108770964
543,F,信息科学与工程学院,21,本科,1,0.7051756007393716,0.24687252442509638
544,M,信息科学与工程学院,21,本科,1,0.7051756007393716,0.13788605206376028
545,F,人文学院,21,本科,0,0.4201434410426467,0.10044129114068157
546,M,经济管理学院,21,本科,11,0.5593798449612403,0.1915348837206333
547,F,人文学院,21,本科,0,0.4201434410426467,0.2385187275717704
548,M,人文学院,21,本科,0,0.4201434410426467,0.19831109740094216
549,M,法学院,21,本科,7,0.4060192023633678,0.2450730778196517
550,F,艺术学院,21,本科,14,0.5142951035162668,0.3109397486595002
551,F,人文学院,21,本科,0,0.4201434410426467,0.30777843471580824
552,M,电气工程学院,21,本科,10,0.5771838851216593,0.22063439759888406
553,M,自动化学院,21,本科,13,0.6293706293706294,0.21888111888009848
554,F,电子科学与工程学院,21,本科,9,0.5672328379334749,0.26258007149633983
555,F,经济管理学院,21,本科,11,0.5593798449612403,0.23833830252397953
556,M,能源与环境学院,21,本科,12,0.6686073591057289,0.2130507685137097
557,M,土木工程学院,21,本科,3,0.6401294498381876,0.2000745317245855
558,F,经济管理学院,21,本科,11,0.5593798449612403,0.16422965116253607
559,M,电子科学与工程学院,21,本科,9,0.5672328379334749,0.1811849155791789
560,F,人文学院,21,本科,0,0.4201434410426467,0.3144234620386304
561,F,经济管理学院,21,本科,11,0.5593798449612403,0.09536434108512346
562,F,人文学院,21,本科,0,0.4201434410426467,0.18510309894779978
563,M,艺术学院,21,本科,14,0.5142951035162668,0.2446136244686284
564,F,经济管理学院,21,本科,11,0.5593798449612403,0.20581395348805298
565,F,经济管理学院,21,本科,11,0.5593798449612403,0.20760264140076914
566,F,经济管理学院,21,本科,11,0.5593798449612403,0.1604995693365298
567,F,经济管理学院,21,本科,11,0.5593798449612403,0.2200320769844223
568,F,艺术学院,21,本科,14,0.5142951035162668,0.279956980252281
569,F,人文学院,21,本科,0,0.4201434410426467,0.32709570448035236
570,F,能源与环境学院,21,本科,12,0.6686073591057289,0.26021960380083886
571,F,电气工程学院,21,本科,10,0.5771838851216593,0.3253206810391575
572,M,土木工程学院,21,本科,3,0.6401294498381876,0.16224379719490345
573,M,电气工程学院,21,本科,10,0.5771838851216593,0.09685380933347884
574,M,电子科学与工程学院,21,本科,9,0.5672328379334749,0.2332802547762446
575,F,人文学院,21,本科,0,0.4201434410426467,0.10064490630053162
576,F,能源与环境学院,21,本科,12,0.6686073591057289,0.1787765874859988
577,M,电子科学与工程学院,21,本科,9,0.5672328379334749,0.2471508407146488
578,M,经济管理学院,21,本科,11,0.5593798449612403,0.16796511627880936
579,M,经济管理学院,21,本科,11,0.5593798449612403,0.18944512443871075
580,M,电子科学与工程学院,21,本科,9,0.5672328379334749,0.10857882165566675
581,M,人文学院,22,本科,0,0.4201434410426467,0.15858112351120868
582,F,人文学院,22,本科,0,0.4201434410426467,0.09090208010537239
583,M,信息科学与工程学院,22,本科,1,0.7051756007393716,0.2208014259303058
584,M,能源与环境学院,22,本科,12,0.6686073591057289,0.3238938053089802
585,M,电气工程学院,22,本科,10,0.5771838851216593,0.27843519626416147
586,M,人文学院,22,本科,0,0.4201434410426467,0.13425086650066712
587,F,人文学院,22,本科,0,0.4201434410426467,0.18668157630894833
588,F,人文学院,22,本科,0,0.4201434410426467,0.18699642235627223
589,M,数学学院,22,本科,5,0.6766998118785272,0.19616656270211022
590,F,艺术学院,22,本科,14,0.5142951035162668,0.15778288969193047
591,F,数学学院,22,本科,5,0.6766998118785272,0.26328048015695615
592,M,自动化学院,22,本科,13,0.6293706293706294,0.21375291375191727
593,F,人文学院,22,本科,0,0.4201434410426467,0.36520544826215745
594,M,土木工程学院,22,本科,3,0.6401294498381876,0.14705655725041475
595,M,能源与环境学院,22,本科,12,0.6686073591057289,0.34812695455371717
596,M,机械工程学院,22,本科,6,0.7081920903954803,0.24584579594480238
597,M,电子科学与工程学院,22,本科,9,0.5672328379334749,0.13749956492938017
598,F,艺术学院,22,本科,14,0.5142951035162668,0.25187589002039895
599,F,人文学院,22,本科,0,0.4201434410426467,0.09522489781746338
600,F,能源与环境学院,22,本科,12,0.6686073591057289,0.08388854012657405
601,M,电气工程学院,22,本科,10,0.5771838851216593,0.31515755883400415
602,F,人文学院,22,本科,0,0.4201434410426467,0.11960703666563186
603,F,艺术学院,22,本科,14,0.5142951035162668,0.2681016540690085
604,F,人文学院,22,本科,0,0.4201434410426467,0.07542222564966806
605,F,人文学院,22,本科,0,0.4201434410426467,0.11105280628744692
606,M,人文学院,22,本科,0,0.4201434410426467,0.21427019036318468
607,M,自动化学院,22,本科,13,0.6293706293706294,0.22873637989810422
608,M,人文学院,22,本科,0,0.4201434410426467,0.3383164303646942
609,M,艺术学院,22,本科,14,0.5142951035162668,0.2706711054589846
610,M,电子科学与工程学院,22,本科,9,0.5672328379334749,0.2644449499535684
611,M,电子科学与工程学院,22,本科,9,0.5672328379334749,0.27057574622109826
612,M,数学学院,22,本科,5,0.6766998118785272,0.44607528993326884
613,M,电气工程学院,22,本科,10,0.5771838851216593,0.20946511059272832
614,M,自动化学院,22,本科,13,0.6293706293706294,0.26672151377909387
615,M,自动化学院,22,本科,13,0.6293706293706294,0.16866096866018238
616,M,能源与环境学院,22,本科,12,0.6686073591057289,0.23089615395996133
617,F,电气工程学院,22,本科,10,0.5771838851216593,0.2652952684852753
618,M,艺术学院,22,本科,14,0.5142951035162668,0.2920833137719564
619,F,人文学院,22,本科,0,0.4201434410426467,0.26718949285443677
620,F,人文学院,22,本科,0,0.4201434410426467,0.07987635974056899
621,M,人文学院,22,本科,0,0.4201434410426467,0.13107724002678034
622,M,电气工程学院,22,本科,10,0.5771838851216593,0.16363413212171235
623,M,物理学院,22,本科,8,0.5721231766612642,0.3005132360869772
624,M,电气工程学院,22,本科,10,0.5771838851216593,0.2231313298365408
625,M,信息科学与工程学院,22,本科,1,0.7051756007393716,0.2260736618549856
626,F,艺术学院,22,本科,14,0.5142951035162668,0.20684911615645155
627,F,艺术学院,22,本科,14,0.5142951035162668,0.1736225216340668
628,M,电气工程学院,22,本科,10,0.5771838851216593,0.24132867531255514
629,M,人文学院,22,本科,0,0.4201434410426467,0.21631646562458043
630,F,土木工程学院,22,本科,3,0.6401294498381876,0.28119225176994816
631,F,信息科学与工程学院,22,本科,1,0.7051756007393716,0.3126394288985064
632,M,物理学院,22,本科,8,0.5721231766612642,0.35012842749581
633,M,电子科学与工程学院,22,本科,9,0.5672328379334749,0.24053547301869835
634,M,信息科学与工程学院,22,本科,1,0.7051756007393716,0.2790110905723683
635,F,人文学院,22,本科,0,0.4201434410426467,0.39006709339061457
636,M,计算机科学与工程学院,22,本科,15,0.7337128399746996,0.20684617933063953
637,F,人文学院,22,本科,0,0.4201434410426467,0.12972245786302258
638,M,经济管理学院,22,本科,11,0.5593798449612403,0.08672059319164176
639,M,物理学院,22,本科,8,0.5721231766612642,0.15537209616339617
640,F,数学学院,22,本科,5,0.6766998118785272,0.17878687380946537
641,F,能源与环境学院,22,本科,12,0.6686073591057289,0.1428522141141078
642,M,电子科学与工程学院,22,本科,9,0.5672328379334749,0.22121569552489154
643,M,能源与环境学院,22,本科,12,0.6686073591057289,0.30895957470657054
644,F,人文学院,22,本科,0,0.4201434410426467,0.05864116603681758
645,M,人文学院,22,本科,0,0.4201434410426467,0.09048684022071043
646,F,人文学院,22,本科,0,0.4201434410426467,0.08885951872518363
647,M,土木工程学院,22,本科,3,0.6401294498381876,0.07835824729011706
648,F,艺术学院,22,本科,14,0.5142951035162668,0.18119454485675124
649,F,外国语学院,22,本科,4,0.4865988909426987,0.11535076137610634
650,M,人文学院,22,本科,0,0.4201434410426467,0.14670921403384832
651,M,电气工程学院,22,本科,10,0.5771838851216593,0.18477064220109785
652,M,信息科学与工程学院,22,本科,1,0.7051756007393716,0.19593345656146965
653,M,数学学院,22,本科,5,0.6766998118785272,0.24017199677441503
654,F,法学院,22,本科,7,0.4060192023633678,0.2503179878544533
655,M,自动化学院,22,本科,13,0.6293706293706294,0.1813382695727183
656,M,计算机科学与工程学院,22,本科,15,0.7337128399746996,0.24514077644852383
657,F,艺术学院,22,本科,14,0.5142951035162668,0.18734502434767414
658,M,数学学院,22,本科,5,0.6766998118785272,0.25575562124808093
659,F,计算机科学与工程学院,22,本科,15,0.7337128399746996,0.27427979989476337
660,F,经济管理学院,22,本科,11,0.5593798449612403,0.14414862336251374
661,F,人文学院,22,本科,0,0.4201434410426467,0.2790398970328369
662,F,法学院,22,本科,7,0.4060192023633678,0.4648354910641054
663,M,电子科学与工程学院,22,本科,9,0.5672328379334749,0.28779635527145153
664,M,经济管理学院,22,本科,11,0.5593798449612403,0.23162216480010026
665,M,电子科学与工程学院,22,本科,9,0.5672328379334749,0.21013664325691878
666,M,经济管理学院,22,本科,11,0.5593798449612403,0.16752583979302194
667,M,法学院,22,本科,7,0.4060192023633678,0.4469411619883427
668,F,人文学院,22,本科,0,0.4201434410426467,0.2024729441400973
669,F,物理学院,22,本科,8,0.5721231766612642,0.23492624789094307
670,M,数学学院,23,本科,5,0.6766998118785272,0.1992506758139989
671,M,自动化学院,23,本科,13,0.6293706293706294,0.18377118377032703
672,M,人文学院,23,本科,0,0.4201434410426467,0.16656253000146112
673,F,数学学院,23,本科,5,0.6766998118785272,0.24696894076026846
674,M,数学学院,23,本科,5,0.6766998118785272,0.40098241213425045
675,F,人文学院,23,本科,0,0.4201434410426467,0.30966347266113237
676,F,人文学院,23,本科,0,0.4201434410426467,0.302365834639836
677,M,能源与环境学院,23,本科,12,0.6686073591057289,0.2659798898593767
678,M,信息科学与工程学院,23,本科,1,0.7051756007393716,0.185073937152992
679,F,人文学院,23,本科,0,0.4201434410426467,0.24971851623332325
680,M,法学院,23,本科,7,0.4060192023633678,0.1907865583452903
681,M,人文学院,23,本科,0,0.4201434410426467,0.33797534632421483
682,M,物理学院,23,本科,8,0.5721231766612642,0.2986938697667151
683,M,计算机科学与工程学院,23,本科,15,0.7337128399746996,0.2914611005674165
684,F,信息科学与工程学院,23,本科,1,0.7051756007393716,0.1966362446082949
685,M,信息科学与工程学院,23,本科,1,0.7051756007393716,0.2462428674751202
686,M,数学学院,23,本科,5,0.6766998118785272,0.38703881444976035
687,M,能源与环境学院,23,本科,12,0.6686073591057289,0.08644470153382217
688,F,经济管理学院,23,本科,11,0.5593798449612403,0.2421564482025844
689,M,信息科学与工程学院,23,本科,1,0.7051756007393716,0.17467652495338568
690,M,计算机科学与工程学院,23,本科,15,0.7337128399746996,0.20891669658140932
691,M,信息科学与工程学院,23,本科,1,0.7051756007393716,0.25785582255023604
692,M,电气工程学院,23,本科,10,0.5771838851216593,0.15372342057561952
693,M,信息科学与工程学院,23,本科,1,0.7051756007393716,0.14517868145376192
694,M,电子科学与工程学院,23,本科,9,0.5672328379334749,0.24880081780206056
695,M,人文学院,23,本科,0,0.4201434410426467,0.18404741706956246
696,M,数学学院,23,本科,5,0.6766998118785272,0.4294032582115641
697,F,人文学院,23,本科,0,0.4201434410426467,0.2293542868076458
698,M,电子科学与工程学院,23,本科,9,0.5672328379334749,0.21252237625335896
699,M,电气工程学院,23,本科,10,0.5771838851216593,0.19012945570508344
700,M,信息科学与工程学院,23,本科,1,0.7051756007393716,0.16455217610447612
701,M,计算机科学与工程学院,23,本科,15,0.7337128399746996,0.23583175205416934
702,F,法学院,23,本科,7,0.4060192023633678,0.16905248066699172
703,M,经济管理学院,23,本科,11,0.5593798449612403,0.19406877360335645
704,M,土木工程学院,23,本科,3,0.6401294498381876,0.14332973750418554
705,M,自动化学院,23,本科,13,0.6293706293706294,0.20559440559344713
706,M,能源与环境学院,23,本科,12,0.6686073591057289,0.30081217978504704
707,M,计算机科学与工程学院,23,本科,15,0.7337128399746996,0.21986084756344176
708,F,电子科学与工程学院,23,本科,9,0.5672328379334749,0.2856890102102923
709,M,能源与环境学院,23,本科,12,0.6686073591057289,0.20225044588545035
710,F,人文学院,23,本科,0,0.4201434410426467,0.26027975777319473
711,M,土木工程学院,23,本科,3,0.6401294498381876,0.25372168284734903
712,M,数学学院,23,本科,5,0.6766998118785272,0.39626444504059055
713,M,电子科学与工程学院,23,本科,9,0.5672328379334749,0.26393017220949305
714,M,机械工程学院,23,本科,6,0.7081920903954803,0.24461790068322217
715,M,电气工程学院,23,本科,10,0.5771838851216593,0.2816114878329413
716,M,自动化学院,23,本科,13,0.6293706293706294,0.20022083179884576
717,M,能源与环境学院,23,本科,12,0.6686073591057289,0.2229040521652937
718,F,外国语学院,23,本科,4,0.4865988909426987,0.1021894320857028
719,M,数学学院,23,本科,5,0.6766998118785272,0.287426934962947
720,M,能源与环境学院,23,本科,12,0.6686073591057289,0.16634613939892448
721,M,电子科学与工程学院,23,本科,9,0.5672328379334749,0.1672859164891462
722,M,自动化学院,23,本科,13,0.6293706293706294,0.1996456876447569
723,F,经济管理学院,23,本科,11,0.5593798449612403,0.1856201550384719
724,M,电气工程学院,23,本科,10,0.5771838851216593,0.2132907857989099
725,M,信息科学与工程学院,23,本科,1,0.7051756007393716,0.15902155337737472
726,M,信息科学与工程学院,23,本科,1,0.7051756007393716,0.20345713955590702
727,M,经济管理学院,23,本科,11,0.5593798449612403,0.2480202742989595
728,M,信息科学与工程学院,23,本科,1,0.7051756007393716,0.1816741484020096
729,M,人文学院,23,本科,0,0.4201434410426467,0.07265646361036762
730,M,经济管理学院,23,本科,11,0.5593798449612403,0.14014591883243208
731,M,人文学院,23,本科,0,0.4201434410426467,0.11940052954927682
732,M,人文学院,23,本科,0,0.4201434410426467,0.06394597825243777
733,M,人文学院,23,本科,0,0.4201434410426467,0.13186219964955842
734,M,人文学院,24,本科,0,0.4201434410426467,0.1938348995801037
735,M,数学学院,24,本科,5,0.6766998118785272,0.4168592672209527
736,M,化学化工学院,24,本科,2,0.5572176514584891,0.167913238592611
737,F,外国语学院,24,本科,4,0.4865988909426987,0.10284773567420126
738,F,人文学院,24,本科,0,0.4201434410426467,0.25172043059511795
739,M,电子科学与工程学院,24,本科,9,0.5672328379334749,0.18063559464769433
740,F,能源与环境学院,24,本科,12,0.6686073591057289,0.16476478807600195
741,M,机械工程学院,24,本科,6,0.7081920903954803,0.18767150928114865
742,F,机械工程学院,24,本科,6,0.7081920903954803,0.19378531073391586
743,M,电子科学与工程学院,24,本科,9,0.5672328379334749,0.31098590015677424
744,F,艺术学院,24,本科,14,0.5142951035162668,0.20274400262865142
745,M,土木工程学院,24,本科,3,0.6401294498381876,0.25475064309960804
746,M,土木工程学院,24,本科,3,0.6401294498381876,0.17092455104982476
747,M,信息科学与工程学院,24,本科,1,0.7051756007393716,0.16736367837299593
748,M,信息科学与工程学院,24,本科,1,0.7051756007393716,0.16823420680617865
749,M,外国语学院,24,本科,4,0.4865988909426987,0.14553944936210594
750,M,电子科学与工程学院,24,本科,9,0.5672328379334749,0.26913621633606855
751,M,土木工程学院,24,本科,3,0.6401294498381876,0.22083888571562227
752,F,能源与环境学院,24,本科,12,0.6686073591057289,0.24897420542448728
753,M,人文学院,24,本科,0,0.4201434410426467,0.29719673016094916
754,M,信息科学与工程学院,24,本科,1,0.7051756007393716,0.28917408838783804
755,M,数学学院,24,本科,5,0.6766998118785272,0.1548819643838042
756,M,人文学院,24,本科,0,0.4201434410426467,0.14829438831895198
757,M,经济管理学院,24,本科,11,0.5593798449612403,0.2162236987815031
758,M,人文学院,24,本科,0,0.4201434410426467,0.2942083751058115
759,M,机械工程学院,18,硕士,6,0.7081920903954803,0.24169805398550684
760,M,机械工程学院,18,硕士,6,0.7081920903954803,0.25351089588306114
761,F,信息科学与工程学院,18,硕士,1,0.7051756007393716,0.12980841284877837
762,M,信息科学与工程学院,18,硕士,1,0.7051756007393716,0.14411968576676498
763,M,信息科学与工程学院,18,硕士,1,0.7051756007393716,0.16348197781847623
764,M,土木工程学院,18,硕士,3,0.6401294498381876,0.2581528503853031
765,M,土木工程学院,18,硕士,3,0.6401294498381876,0.1880139038711034
766,M,土木工程学院,18,硕士,3,0.6401294498381876,0.1634402275175448
767,M,土木工程学院,18,硕士,3,0.6401294498381876,0.17842502696833135
768,M,土木工程学院,18,硕士,3,0.6401294498381876,0.16059728609515114
769,M,电子科学与工程学院,18,硕士,9,0.5672328379334749,0.1919289824295495
770,M,数学学院,18,硕士,5,0.6766998118785272,0.2884366372668215
771,M,自动化学院,18,硕士,13,0.6293706293706294,0.27015687015561074
772,M,自动化学院,18,硕士,13,0.6293706293706294,0.30607287449250026
773,F,经济管理学院,18,硕士,11,0.5593798449612403,0.1781562958304382
774,M,经济管理学院,18,硕士,11,0.5593798449612403,0.140785529715544
775,M,经济管理学院,18,硕士,11,0.5593798449612403,0.08312661498695122
776,F,经济管理学院,18,硕士,11,0.5593798449612403,0.13417899929507035
777,M,经济管理学院,18,硕士,11,0.5593798449612403,0.16014284469969073
778,F,经济管理学院,18,硕士,11,0.5593798449612403,0.19645796064370258
779,M,电气工程学院,18,硕士,10,0.5771838851216593,0.2672516952522248
780,F,电气工程学院,18,硕士,10,0.5771838851216593,0.1067110451387584
781,F,电气工程学院,18,硕士,10,0.5771838851216593,0.17850019944085163
782,M,电气工程学院,18,硕士,10,0.5771838851216593,0.3096092844784125
783,F,外国语学院,18,硕士,4,0.4865988909426987,0.37068699938214406
784,F,化学化工学院,18,硕士,2,0.5572176514584891,0.23278982797133296
785,F,法学院,18,硕士,7,0.4060192023633678,0.4607041936925538
786,M,法学院,18,硕士,7,0.4060192023633678,0.28237148147325486
787,M,法学院,18,硕士,7,0.4060192023633678,0.3113306253071554
788,M,人文学院,18,硕士,0,0.4201434410426467,0.1303514048481039
789,M,人文学院,18,硕士,0,0.4201434410426467,0.18599202750734906
790,F,艺术学院,18,硕士,14,0.5142951035162668,0.16454039716418203
791,F,艺术学院,18,硕士,14,0.5142951035162668,0.20237704020122294
792,F,艺术学院,18,硕士,14,0.5142951035162668,0.2079978639497075
793,F,艺术学院,18,硕士,14,0.5142951035162668,0.3103766646318234
794,M,艺术学院,18,硕士,14,0.5142951035162668,0.16408236331847748
795,F,艺术学院,18,硕士,14,0.5142951035162668,0.2092991902387083
796,M,艺术学院,18,硕士,14,0.5142951035162668,0.20367889312975793
797,F,艺术学院,18,硕士,14,0.5142951035162668,0.11763102842970982
798,M,艺术学院,18,硕士,14,0.5142951035162668,0.13131230145667985
799,F,艺术学院,18,硕士,14,0.5142951035162668,0.142837281023047
800,F,艺术学院,18,硕士,14,0.5142951035162668,0.185955845009105
801,M,艺术学院,18,硕士,14,0.5142951035162668,0.147154671924394
802,F,艺术学院,18,硕士,14,0.5142951035162668,0.11501807426862468
803,F,艺术学院,18,硕士,14,0.5142951035162668,0.14802904401959935
804,F,艺术学院,18,硕士,14,0.5142951035162668,0.19832402234604285
805,M,机械工程学院,19,硕士,6,0.7081920903954803,0.24997543601010203
806,F,机械工程学院,19,硕士,6,0.7081920903954803,0.22741458165122735
807,M,机械工程学院,19,硕士,6,0.7081920903954803,0.20666666666608288
808,M,机械工程学院,19,硕士,6,0.7081920903954803,0.2203154425605829
809,F,机械工程学院,19,硕士,6,0.7081920903954803,0.24786566227174175
810,M,机械工程学院,19,硕士,6,0.7081920903954803,0.20403085614892386
811,M,机械工程学院,19,硕士,6,0.7081920903954803,0.24312063808505596
812,M,能源与环境学院,19,硕士,12,0.6686073591057289,0.11681027790688525
813,M,能源与环境学院,19,硕士,12,0.6686073591057289,0.19709940092786118
814,M,能源与环境学院,19,硕士,12,0.6686073591057289,0.14656446811492568
815,M,能源与环境学院,19,硕士,12,0.6686073591057289,0.2340587766871061
816,F,信息科学与工程学院,19,硕士,1,0.7051756007393716,0.15628325771542897
817,M,信息科学与工程学院,19,硕士,1,0.7051756007393716,0.23197781885343813
818,F,信息科学与工程学院,19,硕士,1,0.7051756007393716,0.34047572721003155
819,M,信息科学与工程学院,19,硕士,1,0.7051756007393716,0.3408689692405259
820,M,信息科学与工程学院,19,硕士,1,0.7051756007393716,0.17553507150460465
821,M,土木工程学院,19,硕士,3,0.6401294498381876,0.2378101402368116
822,M,土木工程学院,19,硕士,3,0.6401294498381876,0.15396875108711605
823,M,土木工程学院,19,硕士,3,0.6401294498381876,0.16567617926805484
824,M,土木工程学院,19,硕士,3,0.6401294498381876,0.209830683363367
825,M,土木工程学院,19,硕士,3,0.6401294498381876,0.15502447929598948
826,M,土木工程学院,19,硕士,3,0.6401294498381876,0.13559870550132558
827,F,电子科学与工程学院,19,硕士,9,0.5672328379334749,0.19761554793332003
828,M,电子科学与工程学院,19,硕士,9,0.5672328379334749,0.14192107767721948
829,M,电子科学与工程学院,19,硕士,9,0.5672328379334749,0.263453939607466
830,M,数学学院,19,硕士,5,0.6766998118785272,0.24665188569314708
831,F,数学学院,19,硕士,5,0.6766998118785272,0.22308034593143886
832,F,数学学院,19,硕士,5,0.6766998118785272,0.1791272420130815
833,M,数学学院,19,硕士,5,0.6766998118785272,0.12400967481826389
834,M,自动化学院,19,硕士,13,0.6293706293706294,0.2380979020967921
835,M,自动化学院,19,硕士,13,0.6293706293706294,0.26043123543002134
836,M,计算机科学与工程学院,19,硕士,15,0.7337128399746996,0.34899308318319994
837,M,计算机科学与工程学院,19,硕士,15,0.7337128399746996,0.22674563471384002
838,M,计算机科学与工程学院,19,硕士,15,0.7337128399746996,0.23906107245614483
839,M,物理学院,19,硕士,8,0.5721231766612642,0.15260940032332465
840,M,物理学院,19,硕士,8,0.5721231766612642,0.26826862095549525
841,M,物理学院,19,硕士,8,0.5721231766612642,0.14289573203596492
842,F,经济管理学院,19,硕士,11,0.5593798449612403,0.18995201181218244
843,M,经济管理学院,19,硕士,11,0.5593798449612403,0.16738305265945713
844,F,经济管理学院,19,硕士,11,0.5593798449612403,0.09619699042392746
845,F,经济管理学院,19,硕士,11,0.5593798449612403,0.2728682170538405
846,M,经济管理学院,19,硕士,11,0.5593798449612403,0.0951233262859695
847,F,经济管理学院,19,硕士,11,0.5593798449612403,0.15124400147632514
848,F,经济管理学院,19,硕士,11,0.5593798449612403,0.08594514013105338
849,F,经济管理学院,19,硕士,11,0.5593798449612403,0.12413132694919196
850,F,经济管理学院,19,硕士,11,0.5593798449612403,0.15364866640365088
851,M,电气工程学院,19,硕士,10,0.5771838851216593,0.2474616528256438
852,M,电气工程学院,19,硕士,10,0.5771838851216593,0.22476197082860697
853,M,电气工程学院,19,硕士,10,0.5771838851216593,0.2271179159881708
854,F,电气工程学院,19,硕士,10,0.5771838851216593,0.20451157810679874
855,M,化学化工学院,19,硕士,2,0.5572176514584891,0.1544951383683284
856,F,法学院,19,硕士,7,0.4060192023633678,0.22578676349868043
857,F,法学院,19,硕士,7,0.4060192023633678,0.43732429599195
858,M,法学院,19,硕士,7,0.4060192023633678,0.3496312296385767
859,F,法学院,19,硕士,7,0.4060192023633678,0.22886436701669446
860,F,法学院,19,硕士,7,0.4060192023633678,0.268722304283108
861,F,法学院,19,硕士,7,0.4060192023633678,0.4008919440965215
862,F,法学院,19,硕士,7,0.4060192023633678,0.25453489209882035
863,F,法学院,19,硕士,7,0.4060192023633678,0.48779410213035074
864,F,法学院,19,硕士,7,0.4060192023633678,0.47685376661654943
865,F,法学院,19,硕士,7,0.4060192023633678,0.2887463072372808
866,M,法学院,19,硕士,7,0.4060192023633678,0.1793561405356469
867,F,法学院,19,硕士,7,0.4060192023633678,0.12197864912022598
868,F,法学院,19,硕士,7,0.4060192023633678,0.4037112259963004
869,F,人文学院,19,硕士,0,0.4201434410426467,0.2039976937792901
870,M,人文学院,19,硕士,0,0.4201434410426467,0.26319503354649243
871,F,人文学院,19,硕士,0,0.4201434410426467,0.13645750323460168
872,M,人文学院,19,硕士,0,0.4201434410426467,0.1964744513398898
873,M,人文学院,19,硕士,0,0.4201434410426467,0.3629722439934047
874,F,人文学院,19,硕士,0,0.4201434410426467,0.20004627130392533
875,F,人文学院,19,硕士,0,0.4201434410426467,0.199708216114303
876,F,人文学院,19,硕士,0,0.4201434410426467,0.15160117991813712
877,F,人文学院,19,硕士,0,0.4201434410426467,0.20041624649899176
878,F,人文学院,19,硕士,0,0.4201434410426467,0.3271149841903855
879,F,人文学院,19,硕士,0,0.4201434410426467,0.07785422335813494
880,F,艺术学院,19,硕士,14,0.5142951035162668,0.24400771078419511
881,M,艺术学院,19,硕士,14,0.5142951035162668,0.2769470916853813
882,F,艺术学院,19,硕士,14,0.5142951035162668,0.17386020498610436
883,F,艺术学院,19,硕士,14,0.5142951035162668,0.27842354818976833
884,F,艺术学院,19,硕士,14,0.5142951035162668,0.24888873514669307
885,F,艺术学院,19,硕士,14,0.5142951035162668,0.23108032183821337
886,F,艺术学院,19,硕士,14,0.5142951035162668,0.25885228392990656
887,F,艺术学院,19,硕士,14,0.5142951035162668,0.2822195588713926
888,F,艺术学院,19,硕士,14,0.5142951035162668,0.09719202075203752
889,M,机械工程学院,20,硕士,6,0.7081920903954803,0.19586578103471927
890,M,机械工程学院,20,硕士,6,0.7081920903954803,0.15603578154381534
891,M,机械工程学院,20,硕士,6,0.7081920903954803,0.2335136434661032
892,M,机械工程学院,20,硕士,6,0.7081920903954803,0.19433851224050566
893,M,机械工程学院,20,硕士,6,0.7081920903954803,0.1998932831130574
894,F,机械工程学院,20,硕士,6,0.7081920903954803,0.21678980153495184
895,F,能源与环境学院,20,硕士,12,0.6686073591057289,0.20087719298198833
896,M,能源与环境学院,20,硕士,12,0.6686073591057289,0.16046657621314972
897,M,能源与环境学院,20,硕士,12,0.6686073591057289,0.1294098077048021
898,M,能源与环境学院,20,硕士,12,0.6686073591057289,0.18743332782383443
899,M,能源与环境学院,20,硕士,12,0.6686073591057289,0.2071763820711022
900,M,信息科学与工程学院,20,硕士,1,0.7051756007393716,0.2129504354283625
901,F,土木工程学院,20,硕士,3,0.6401294498381876,0.2284179031563735
902,M,土木工程学院,20,硕士,3,0.6401294498381876,0.20302374058078848
903,M,土木工程学院,20,硕士,3,0.6401294498381876,0.1613608214467732
904,M,土木工程学院,20,硕士,3,0.6401294498381876,0.2336759946692084
905,F,土木工程学院,20,硕士,3,0.6401294498381876,0.138367493707001
906,M,土木工程学院,20,硕士,3,0.6401294498381876,0.1098628448140641
907,M,土木工程学院,20,硕士,3,0.6401294498381876,0.12376189075191499
908,M,电子科学与工程学院,20,硕士,9,0.5672328379334749,0.26980238445111127
909,M,电子科学与工程学院,20,硕士,9,0.5672328379334749,0.28505575639232733
910,M,自动化学院,20,硕士,13,0.6293706293706294,0.18541243702447585
911,M,自动化学院,20,硕士,13,0.6293706293706294,0.2053263403253831
912,M,自动化学院,20,硕士,13,0.6293706293706294,0.2744980166020001
913,M,计算机科学与工程学院,20,硕士,15,0.7337128399746996,0.23772928526098847
914,M,经济管理学院,20,硕士,11,0.5593798449612403,0.1415077519377651
915,M,经济管理学院,20,硕士,11,0.5593798449612403,0.17304540420792663
916,M,经济管理学院,20,硕士,11,0.5593798449612403,0.17972570065565457
917,M,经济管理学院,20,硕士,11,0.5593798449612403,0.2225855694689453
918,M,经济管理学院,20,硕士,11,0.5593798449612403,0.14514568297224223
919,M,经济管理学院,20,硕士,11,0.5593798449612403,0.12736434108507386
920,M,经济管理学院,20,硕士,11,0.5593798449612403,0.11412954933630971
921,F,经济管理学院,20,硕士,11,0.5593798449612403,0.11259077927359123
922,M,经济管理学院,20,硕士,11,0.5593798449612403,0.17275193798422828
923,M,电气工程学院,20,硕士,10,0.5771838851216593,0.321499800557154
924,M,电气工程学院,20,硕士,10,0.5771838851216593,0.3118126388955595
925,M,电气工程学院,20,硕士,10,0.5771838851216593,0.19431865286922811
926,M,电气工程学院,20,硕士,10,0.5771838851216593,0.20370331492791335
927,F,外国语学院,20,硕士,4,0.4865988909426987,0.34404117469379664
928,F,外国语学院,20,硕士,4,0.4865988909426987,0.42768722343386073
929,F,化学化工学院,20,硕士,2,0.5572176514584891,0.20107703814359706
930,F,化学化工学院,20,硕士,2,0.5572176514584891,0.1773337607280963
931,M,化学化工学院,20,硕士,2,0.5572176514584891,0.1894101565508233
932,F,法学院,20,硕士,7,0.4060192023633678,0.46708996662750896
933,F,法学院,20,硕士,7,0.4060192023633678,0.4508926297551905
934,M,法学院,20,硕士,7,0.4060192023633678,0.37438107225262185
935,F,法学院,20,硕士,7,0.4060192023633678,0.2985933933121921
936,F,法学院,20,硕士,7,0.4060192023633678,0.44640878877317874
937,M,法学院,20,硕士,7,0.4060192023633678,0.4648725997037207
938,M,法学院,20,硕士,7,0.4060192023633678,0.40550520978806526
939,M,法学院,20,硕士,7,0.4060192023633678,0.4388700147702385
940,F,人文学院,20,硕士,0,0.4201434410426467,0.23476061846186227
941,F,人文学院,20,硕士,0,0.4201434410426467,0.16893128055000597
942,F,人文学院,20,硕士,0,0.4201434410426467,0.16761779902817334
943,F,人文学院,20,硕士,0,0.4201434410426467,0.18909183168895766
944,F,人文学院,20,硕士,0,0.4201434410426467,0.21372229633473033
945,F,人文学院,20,硕士,0,0.4201434410426467,0.20689485274569958
946,F,人文学院,20,硕士,0,0.4201434410426467,0.2891911581375741
947,F,人文学院,20,硕士,0,0.4201434410426467,0.12347061604531771
948,F,人文学院,20,硕士,0,0.4201434410426467,0.13786501520571717
949,F,人文学院,20,硕士,0,0.4201434410426467,0.32498628998372575
950,F,人文学院,20,硕士,0,0.4201434410426467,0.22619069220946178
951,F,人文学院,20,硕士,0,0.4201434410426467,0.28238941850395355
952,F,艺术学院,20,硕士,14,0.5142951035162668,0.3030527949953659
953,F,艺术学院,20,硕士,14,0.5142951035162668,0.26035162668376544
954,F,艺术学院,20,硕士,14,0.5142951035162668,0.23084426253957827
955,F,艺术学院,20,硕士,14,0.5142951035162668,0.25175448205311535
956,F,艺术学院,20,硕士,14,0.5142951035162668,0.290147880380726
957,F,艺术学院,20,硕士,14,0.5142951035162668,0.20552547247381725
958,F,艺术学院,20,硕士,14,0.5142951035162668,0.11762741287897344
959,F,艺术学院,20,硕士,14,0.5142951035162668,0.1915342457037337
960,M,艺术学院,20,硕士,14,0.5142951035162668,0.21744909786044425
961,F,艺术学院,20,硕士,14,0.5142951035162668,0.23119628755476407
962,F,艺术学院,20,硕士,14,0.5142951035162668,0.2022431567285293
963,F,艺术学院,20,硕士,14,0.5142951035162668,0.2055922403874374
964,F,艺术学院,20,硕士,14,0.5142951035162668,0.23893109026983667
965,F,艺术学院,20,硕士,14,0.5142951035162668,0.2748007722637614
966,F,艺术学院,20,硕士,14,0.5142951035162668,0.2521266222392866
967,M,机械工程学院,21,硕士,6,0.7081920903954803,0.2200630666134895
968,F,机械工程学院,21,硕士,6,0.7081920903954803,0.2825015693651781
969,F,机械工程学院,21,硕士,6,0.7081920903954803,0.2231346191304821
970,M,机械工程学院,21,硕士,6,0.7081920903954803,0.26664210267672156
971,M,能源与环境学院,21,硕士,12,0.6686073591057289,0.1783185840703812
972,M,能源与环境学院,21,硕士,12,0.6686073591057289,0.11645707188297673
973,M,能源与环境学院,21,硕士,12,0.6686073591057289,0.38349029275019464
974,F,信息科学与工程学院,21,硕士,1,0.7051756007393716,0.2087844379891312
975,F,信息科学与工程学院,21,硕士,1,0.7051756007393716,0.22101927647163086
976,M,信息科学与工程学院,21,硕士,1,0.7051756007393716,0.15142523591754098
977,M,信息科学与工程学院,21,硕士,1,0.7051756007393716,0.234930170465672
978,M,信息科学与工程学院,21,硕士,1,0.7051756007393716,0.23350685005926258
979,M,信息科学与工程学院,21,硕士,1,0.7051756007393716,0.23509704251332003
980,M,土木工程学院,21,硕士,3,0.6401294498381876,0.23676734987363515
981,M,土木工程学院,21,硕士,3,0.6401294498381876,0.19336312734329267
982,M,土木工程学院,21,硕士,3,0.6401294498381876,0.23047147661603934
983,M,数学学院,21,硕士,5,0.6766998118785272,0.4268715100469283
984,M,自动化学院,21,硕士,13,0.6293706293706294,0.14337290616293544
985,M,自动化学院,21,硕士,13,0.6293706293706294,0.2970533739750661
986,M,计算机科学与工程学院,21,硕士,15,0.7337128399746996,0.2321097515743569
987,M,计算机科学与工程学院,21,硕士,15,0.7337128399746996,0.27410840266454367
988,F,物理学院,21,硕士,8,0.5721231766612642,0.12074554294910458
989,M,经济管理学院,21,硕士,11,0.5593798449612403,0.25513953488332536
990,M,经济管理学院,21,硕士,11,0.5593798449612403,0.08777408637860146
991,F,经济管理学院,21,硕士,11,0.5593798449612403,0.27855813953445185
992,M,经济管理学院,21,硕士,11,0.5593798449612403,0.15713842746376525
993,M,经济管理学院,21,硕士,11,0.5593798449612403,0.24331782945698707
994,M,经济管理学院,21,硕士,11,0.5593798449612403,0.19005366726267495
995,M,经济管理学院,21,硕士,11,0.5593798449612403,0.10312215985014753
996,F,经济管理学院,21,硕士,11,0.5593798449612403,0.17102184637041842
997,M,电气工程学院,21,硕士,10,0.5771838851216593,0.22628946641620643
998,M,电气工程学院,21,硕士,10,0.5771838851216593,0.13351947879218115
999,M,电气工程学院,21,硕士,10,0.5771838851216593,0.2484377077506378
1000,M,外国语学院,21,硕士,4,0.4865988909426987,0.41984090308757666
1001,F,外国语学院,21,硕士,4,0.4865988909426987,0.25314917505188694
1002,F,外国语学院,21,硕士,4,0.4865988909426987,0.1616280766604069
1003,F,化学化工学院,21,硕士,2,0.5572176514584891,0.3068347757928399
1004,F,化学化工学院,21,硕士,2,0.5572176514584891,0.2253445880953335
1005,F,法学院,21,硕士,7,0.4060192023633678,0.26730322852873206
1006,M,法学院,21,硕士,7,0.4060192023633678,0.3916192948682025
1007,F,法学院,21,硕士,7,0.4060192023633678,0.39864339578562796
1008,F,法学院,21,硕士,7,0.4060192023633678,0.5158493353018541
1009,M,人文学院,21,硕士,0,0.4201434410426467,0.14389732911739242
1010,F,人文学院,21,硕士,0,0.4201434410426467,0.2604322040750596
1011,F,人文学院,21,硕士,0,0.4201434410426467,0.2946103278483207
1012,F,人文学院,21,硕士,0,0.4201434410426467,0.25591115909596984
1013,F,人文学院,21,硕士,0,0.4201434410426467,0.2718737639216067
1014,F,人文学院,21,硕士,0,0.4201434410426467,0.13407910646900323
1015,F,艺术学院,21,硕士,14,0.5142951035162668,0.1967433453825226
1016,F,艺术学院,21,硕士,14,0.5142951035162668,0.22009355269469713
1017,F,艺术学院,21,硕士,14,0.5142951035162668,0.25095427083555416
1018,F,艺术学院,21,硕士,14,0.5142951035162668,0.10778836674316826
1019,F,艺术学院,21,硕士,14,0.5142951035162668,0.12333323375038241
1020,M,机械工程学院,22,硕士,6,0.7081920903954803,0.21045825486444
1021,M,机械工程学院,22,硕士,6,0.7081920903954803,0.18798691644312046
1022,M,机械工程学院,22,硕士,6,0.7081920903954803,0.12932472423961316
1023,M,机械工程学院,22,硕士,6,0.7081920903954803,0.27935969868094346
1024,M,机械工程学院,22,硕士,6,0.7081920903954803,0.20283972643415793
1025,M,机械工程学院,22,硕士,6,0.7081920903954803,0.23357729840714708
1026,M,机械工程学院,22,硕士,6,0.7081920903954803,0.14822903085573078
1027,M,机械工程学院,22,硕士,6,0.7081920903954803,0.12681355932167565
1028,M,机械工程学院,22,硕士,6,0.7081920903954803,0.3115819209030746
1029,M,机械工程学院,22,硕士,6,0.7081920903954803,0.2181412429372369
1030,M,能源与环境学院,22,硕士,12,0.6686073591057289,0.2943642291562777
1031,M,能源与环境学院,22,硕士,12,0.6686073591057289,0.16847539201948034
1032,F,能源与环境学院,22,硕士,12,0.6686073591057289,0.2724661613802916
1033,M,能源与环境学院,22,硕士,12,0.6686073591057289,0.17057854813986492
1034,M,能源与环境学院,22,硕士,12,0.6686073591057289,0.23059606128951587
1035,F,能源与环境学院,22,硕士,12,0.6686073591057289,0.2813534184780053
1036,F,能源与环境学院,22,硕士,12,0.6686073591057289,0.35521064503967614
1037,F,能源与环境学院,22,硕士,12,0.6686073591057289,0.3187188978493791
1038,M,信息科学与工程学院,22,硕士,1,0.7051756007393716,0.21120399932735606
1039,F,信息科学与工程学院,22,硕士,1,0.7051756007393716,0.32730026699452003
1040,M,信息科学与工程学院,22,硕士,1,0.7051756007393716,0.19009110113502423
1041,M,信息科学与工程学院,22,硕士,1,0.7051756007393716,0.21064386937720894
1042,M,信息科学与工程学院,22,硕士,1,0.7051756007393716,0.19607786506424196
1043,M,信息科学与工程学院,22,硕士,1,0.7051756007393716,0.2100733998189704
1044,M,信息科学与工程学院,22,硕士,1,0.7051756007393716,0.13753356816485504
1045,M,信息科学与工程学院,22,硕士,1,0.7051756007393716,0.20958872458361927
1046,M,信息科学与工程学院,22,硕士,1,0.7051756007393716,0.25034050004806446
1047,F,信息科学与工程学院,22,硕士,1,0.7051756007393716,0.2806627387547428
1048,M,信息科学与工程学院,22,硕士,1,0.7051756007393716,0.2577841162592043
1049,M,信息科学与工程学院,22,硕士,1,0.7051756007393716,0.2924287382034298
1050,F,信息科学与工程学院,22,硕士,1,0.7051756007393716,0.21370147874257464
1051,M,土木工程学院,22,硕士,3,0.6401294498381876,0.2115937091916175
1052,M,土木工程学院,22,硕士,3,0.6401294498381876,0.09733300141046132
1053,M,土木工程学院,22,硕士,3,0.6401294498381876,0.24688114728038618
1054,M,土木工程学院,22,硕士,3,0.6401294498381876,0.24307045931929616
1055,M,土木工程学院,22,硕士,3,0.6401294498381876,0.1538036677450835
1056,M,土木工程学院,22,硕士,3,0.6401294498381876,0.1840756151431792
1057,F,土木工程学院,22,硕士,3,0.6401294498381876,0.19646448828993351
1058,M,土木工程学院,22,硕士,3,0.6401294498381876,0.10491065147015498
1059,M,土木工程学院,22,硕士,3,0.6401294498381876,0.19738158281805018
1060,M,土木工程学院,22,硕士,3,0.6401294498381876,0.22494306604290434
1061,M,土木工程学院,22,硕士,3,0.6401294498381876,0.13290857605149317
1062,M,土木工程学院,22,硕士,3,0.6401294498381876,0.2166285157992537
1063,M,土木工程学院,22,硕士,3,0.6401294498381876,0.16931559391069786
1064,M,土木工程学院,22,硕士,3,0.6401294498381876,0.2114347357061242
1065,M,土木工程学院,22,硕士,3,0.6401294498381876,0.1937634843577265
1066,M,土木工程学院,22,硕士,3,0.6401294498381876,0.16476687042994537
1067,F,土木工程学院,22,硕士,3,0.6401294498381876,0.17552943848256003
1068,M,电子科学与工程学院,22,硕士,9,0.5672328379334749,0.18128096249051212
1069,M,电子科学与工程学院,22,硕士,9,0.5672328379334749,0.22598597439281806
1070,M,电子科学与工程学院,22,硕士,9,0.5672328379334749,0.2633121019098963
1071,F,电子科学与工程学院,22,硕士,9,0.5672328379334749,0.24457955349588548
1072,M,数学学院,22,硕士,5,0.6766998118785272,0.17381261939129766
1073,F,数学学院,22,硕士,5,0.6766998118785272,0.2626769827006053
1074,M,自动化学院,22,硕士,13,0.6293706293706294,0.2570727518083955
1075,M,计算机科学与工程学院,22,硕士,15,0.7337128399746996,0.25798545224378255
1076,M,计算机科学与工程学院,22,硕士,15,0.7337128399746996,0.14786703211657123
1077,M,计算机科学与工程学院,22,硕士,15,0.7337128399746996,0.2094876660328306
1078,F,计算机科学与工程学院,22,硕士,15,0.7337128399746996,0.21933758840640982
1079,F,物理学院,22,硕士,8,0.5721231766612642,0.29100694011395795
1080,F,经济管理学院,22,硕士,11,0.5593798449612403,0.24817571059393048
1081,M,经济管理学院,22,硕士,11,0.5593798449612403,0.18568627450951602
1082,F,经济管理学院,22,硕士,11,0.5593798449612403,0.28453656892439877
1083,F,经济管理学院,22,硕士,11,0.5593798449612403,0.1376830318688649
1084,F,经济管理学院,22,硕士,11,0.5593798449612403,0.21148578811336718
1085,M,经济管理学院,22,硕士,11,0.5593798449612403,0.08565692705214308
1086,M,经济管理学院,22,硕士,11,0.5593798449612403,0.14246171298900207
1087,F,经济管理学院,22,硕士,11,0.5593798449612403,0.16831627906950647
1088,F,经济管理学院,22,硕士,11,0.5593798449612403,0.12335917312642372
1089,F,经济管理学院,22,硕士,11,0.5593798449612403,0.30606638839149525
1090,M,经济管理学院,22,硕士,11,0.5593798449612403,0.290876565294719
1091,F,电气工程学院,22,硕士,10,0.5771838851216593,0.30313522137892646
1092,M,电气工程学院,22,硕士,10,0.5771838851216593,0.26659200392640126
1093,F,外国语学院,22,硕士,4,0.4865988909426987,0.33643836948964095
1094,F,外国语学院,22,硕士,4,0.4865988909426987,0.3307942281303657
1095,F,外国语学院,22,硕士,4,0.4865988909426987,0.2705272886455054
1096,M,外国语学院,22,硕士,4,0.4865988909426987,0.2709873690683719
1097,F,外国语学院,22,硕士,4,0.4865988909426987,0.3470832880271011
1098,M,化学化工学院,22,硕士,2,0.5572176514584891,0.13634216431028207
1099,F,化学化工学院,22,硕士,2,0.5572176514584891,0.19480300142204773
1100,M,化学化工学院,22,硕士,2,0.5572176514584891,0.1858811345708438
1101,M,化学化工学院,22,硕士,2,0.5572176514584891,0.33078676496529313
1102,F,化学化工学院,22,硕士,2,0.5572176514584891,0.1937172774854621
1103,M,化学化工学院,22,硕士,2,0.5572176514584891,0.17999032073427787
1104,M,化学化工学院,22,硕士,2,0.5572176514584891,0.18076426191474237
1105,F,化学化工学院,22,硕士,2,0.5572176514584891,0.18534031413473945
1106,M,化学化工学院,22,硕士,2,0.5572176514584891,0.15840920227875227
1107,F,法学院,22,硕士,7,0.4060192023633678,0.12083948793675375
1108,M,法学院,22,硕士,7,0.4060192023633678,0.3936589002528893
1109,M,法学院,22,硕士,7,0.4060192023633678,0.2987444608561693
1110,F,法学院,22,硕士,7,0.4060192023633678,0.15197680631041427
1111,F,法学院,22,硕士,7,0.4060192023633678,0.17673368817774124
1112,M,法学院,22,硕士,7,0.4060192023633678,0.2544439035848666
1113,M,法学院,22,硕士,7,0.4060192023633678,0.28542136360049924
1114,F,人文学院,22,硕士,0,0.4201434410426467,0.08880697154307951
1115,F,人文学院,22,硕士,0,0.4201434410426467,0.3163414822238634
1116,F,人文学院,22,硕士,0,0.4201434410426467,0.1729653817584197
1117,F,人文学院,22,硕士,0,0.4201434410426467,0.18527742019668814
1118,F,人文学院,22,硕士,0,0.4201434410426467,0.2990606925269537
1119,F,人文学院,22,硕士,0,0.4201434410426467,0.2658594894730733
1120,F,人文学院,22,硕士,0,0.4201434410426467,0.2751255210593195
1121,F,人文学院,22,硕士,0,0.4201434410426467,0.271658255000376
1122,F,艺术学院,22,硕士,14,0.5142951035162668,0.1717392586597783
1123,F,艺术学院,22,硕士,14,0.5142951035162668,0.16015680014996453
1124,F,艺术学院,22,硕士,14,0.5142951035162668,0.12189321479821541
1125,M,计算机科学与工程学院,22,硕士,15,0.7337128399746996,0.2832384566712003
1126,M,机械工程学院,23,硕士,6,0.7081920903954803,0.16822706483675912
1127,M,机械工程学院,23,硕士,6,0.7081920903954803,0.24293785310665839
1128,M,机械工程学院,23,硕士,6,0.7081920903954803,0.20304456999314896
1129,M,机械工程学院,23,硕士,6,0.7081920903954803,0.1918314500936201
1130,M,机械工程学院,23,硕士,6,0.7081920903954803,0.2829421990430947
1131,M,机械工程学院,23,硕士,6,0.7081920903954803,0.14293785310694085
1132,M,机械工程学院,23,硕士,6,0.7081920903954803,0.20185633575407064
1133,M,机械工程学院,23,硕士,6,0.7081920903954803,0.1483590427216021
1134,F,机械工程学院,23,硕士,6,0.7081920903954803,0.22249916915856058
1135,M,机械工程学院,23,硕士,6,0.7081920903954803,0.18963569062872596
1136,M,能源与环境学院,23,硕士,12,0.6686073591057289,0.14774103400058747
1137,M,能源与环境学院,23,硕士,12,0.6686073591057289,0.15412979350996556
1138,F,能源与环境学院,23,硕士,12,0.6686073591057289,0.4103400093143681
1139,F,能源与环境学院,23,硕士,12,0.6686073591057289,0.2579933696807603
1140,F,能源与环境学院,23,硕士,12,0.6686073591057289,0.2859483160136604
1141,F,能源与环境学院,23,硕士,12,0.6686073591057289,0.31113181182973654
1142,M,能源与环境学院,23,硕士,12,0.6686073591057289,0.09915445523247303
1143,M,能源与环境学院,23,硕士,12,0.6686073591057289,0.2879932131206281
1144,M,能源与环境学院,23,硕士,12,0.6686073591057289,0.3183422306610049
1145,M,能源与环境学院,23,硕士,12,0.6686073591057289,0.19586632510434127
1146,F,能源与环境学院,23,硕士,12,0.6686073591057289,0.19370970509601151
1147,M,能源与环境学院,23,硕士,12,0.6686073591057289,0.1634103890369543
1148,F,信息科学与工程学院,23,硕士,1,0.7051756007393716,0.19167180119076685
1149,F,信息科学与工程学院,23,硕士,1,0.7051756007393716,0.12750671363273997
1150,M,信息科学与工程学院,23,硕士,1,0.7051756007393716,0.2709969963025162
1151,F,信息科学与工程学院,23,硕士,1,0.7051756007393716,0.19520381360009378
1152,M,信息科学与工程学院,23,硕士,1,0.7051756007393716,0.16440014083229335
1153,M,信息科学与工程学院,23,硕士,1,0.7051756007393716,0.21627414111748103
1154,F,信息科学与工程学院,23,硕士,1,0.7051756007393716,0.146981961883783
1155,F,信息科学与工程学院,23,硕士,1,0.7051756007393716,0.2890480591490549
1156,M,信息科学与工程学院,23,硕士,1,0.7051756007393716,0.21439342348427945
1157,M,土木工程学院,23,硕士,3,0.6401294498381876,0.152875716799761
1158,M,土木工程学院,23,硕士,3,0.6401294498381876,0.1648327939586519
1159,M,土木工程学院,23,硕士,3,0.6401294498381876,0.15765141007825442
1160,M,土木工程学院,23,硕士,3,0.6401294498381876,0.18020178945325674
1161,F,土木工程学院,23,硕士,3,0.6401294498381876,0.24173927474846194
1162,F,土木工程学院,23,硕士,3,0.6401294498381876,0.1381202804743514
1163,M,土木工程学院,23,硕士,3,0.6401294498381876,0.2186052414488589
1164,M,土木工程学院,23,硕士,3,0.6401294498381876,0.1511748979875731
1165,M,土木工程学院,23,硕士,3,0.6401294498381876,0.1862459546921548
1166,M,土木工程学院,23,硕士,3,0.6401294498381876,0.20600862998876807
1167,F,土木工程学院,23,硕士,3,0.6401294498381876,0.15676375404496923
1168,F,土木工程学院,23,硕士,3,0.6401294498381876,0.2513160733543661
1169,F,土木工程学院,23,硕士,3,0.6401294498381876,0.13628910463832516
1170,M,电子科学与工程学院,23,硕士,9,0.5672328379334749,0.2594541370494527
1171,M,电子科学与工程学院,23,硕士,9,0.5672328379334749,0.29949044585881285
1172,M,电子科学与工程学院,23,硕士,9,0.5672328379334749,0.2385350318462897
1173,M,电子科学与工程学院,23,硕士,9,0.5672328379334749,0.13116301014343776
1174,M,数学学院,23,硕士,5,0.6766998118785272,0.21753514535337104
1175,M,数学学院,23,硕士,5,0.6766998118785272,0.12641251071746526
1176,F,数学学院,23,硕士,5,0.6766998118785272,0.0757436455959152
1177,F,数学学院,23,硕士,5,0.6766998118785272,0.12968288094563377
1178,F,自动化学院,23,硕士,13,0.6293706293706294,0.3069316648249708
1179,M,计算机科学与工程学院,23,硕士,15,0.7337128399746996,0.23415073225171804
1180,M,计算机科学与工程学院,23,硕士,15,0.7337128399746996,0.38347822249437513
1181,F,计算机科学与工程学院,23,硕士,15,0.7337128399746996,0.19099725911749318
1182,F,计算机科学与工程学院,23,硕士,15,0.7337128399746996,0.2951393957067889
1183,F,物理学院,23,硕士,8,0.5721231766612642,0.22718450487101388
1184,M,经济管理学院,23,硕士,11,0.5593798449612403,0.26634510479430423
1185,M,经济管理学院,23,硕士,11,0.5593798449612403,0.263940568475043
1186,M,经济管理学院,23,硕士,11,0.5593798449612403,0.1673121916840253
1187,F,经济管理学院,23,硕士,11,0.5593798449612403,0.251546696197469
1188,F,经济管理学院,23,硕士,11,0.5593798449612403,0.1303946441153722
1189,F,经济管理学院,23,硕士,11,0.5593798449612403,0.24952519379806276
1190,F,经济管理学院,23,硕士,11,0.5593798449612403,0.15190927361446446
1191,M,电气工程学院,23,硕士,10,0.5771838851216593,0.18922500868460365
1192,M,电气工程学院,23,硕士,10,0.5771838851216593,0.27452364149502356
1193,M,电气工程学院,23,硕士,10,0.5771838851216593,0.19637237955867246
1194,M,电气工程学院,23,硕士,10,0.5771838851216593,0.23486737135925465
1195,M,电气工程学院,23,硕士,10,0.5771838851216593,0.30626441086785716
1196,M,电气工程学院,23,硕士,10,0.5771838851216593,0.240845632228796
1197,M,外国语学院,23,硕士,4,0.4865988909426987,0.1498231937628695
1198,F,化学化工学院,23,硕士,2,0.5572176514584891,0.24155164207339563
1199,F,法学院,23,硕士,7,0.4060192023633678,0.33476309510221114
1200,M,法学院,23,硕士,7,0.4060192023633678,0.40111053067620583
1201,M,法学院,23,硕士,7,0.4060192023633678,0.28527766428810586
1202,M,法学院,23,硕士,7,0.4060192023633678,0.37343375948588925
1203,M,法学院,23,硕士,7,0.4060192023633678,0.2559157078437318
1204,F,法学院,23,硕士,7,0.4060192023633678,0.4109080983872704
1205,F,法学院,23,硕士,7,0.4060192023633678,0.429701046817009
1206,F,法学院,23,硕士,7,0.4060192023633678,0.15957077070089576
1207,F,法学院,23,硕士,7,0.4060192023633678,0.4750490001127464
1208,M,法学院,23,硕士,7,0.4060192023633678,0.4094452650575076
1209,F,法学院,23,硕士,7,0.4060192023633678,0.20812975798166322
1210,M,法学院,23,硕士,7,0.4060192023633678,0.1648449039878788
1211,F,人文学院,23,硕士,0,0.4201434410426467,0.2540842249498724
1212,F,人文学院,23,硕士,0,0.4201434410426467,0.3413108489067914
1213,M,人文学院,23,硕士,0,0.4201434410426467,0.14706562813283947
1214,F,艺术学院,23,硕士,14,0.5142951035162668,0.20552778594497248
1215,F,艺术学院,23,硕士,14,0.5142951035162668,0.20378281666450615
1216,F,艺术学院,23,硕士,14,0.5142951035162668,0.21322379230986982
1217,F,艺术学院,23,硕士,14,0.5142951035162668,0.29208308364375657
1218,F,艺术学院,23,硕士,14,0.5142951035162668,0.2233258774762319
1219,F,艺术学院,23,硕士,14,0.5142951035162668,0.17593899209342648
1220,M,艺术学院,23,硕士,14,0.5142951035162668,0.2806806148898152
1221,F,艺术学院,23,硕士,14,0.5142951035162668,0.19602366086067036
1222,F,艺术学院,23,硕士,14,0.5142951035162668,0.28281301347308113
1223,F,艺术学院,23,硕士,14,0.5142951035162668,0.2597947931496078
1224,F,艺术学院,23,硕士,14,0.5142951035162668,0.1554237743850701
1225,F,艺术学院,23,硕士,14,0.5142951035162668,0.2740782122900524
1226,F,艺术学院,23,硕士,14,0.5142951035162668,0.2598617348859546
1227,F,艺术学院,23,硕士,14,0.5142951035162668,0.12730857706190057
1228,F,艺术学院,23,硕士,14,0.5142951035162668,0.10315864761924633
1229,F,艺术学院,23,硕士,14,0.5142951035162668,0.20336290940923973
1230,F,艺术学院,23,硕士,14,0.5142951035162668,0.09571733721405802
1231,F,艺术学院,23,硕士,14,0.5142951035162668,0.18468195185220376
1232,F,艺术学院,23,硕士,14,0.5142951035162668,0.23365388495848052
1233,F,能源与环境学院,24,硕士,12,0.6686073591057289,0.21495109455003505
1234,F,能源与环境学院,24,硕士,12,0.6686073591057289,0.09516293191166232
1235,M,信息科学与工程学院,24,硕士,1,0.7051756007393716,0.26234312676269766
1236,F,信息科学与工程学院,24,硕士,1,0.7051756007393716,0.278054771864325
1237,M,信息科学与工程学院,24,硕士,1,0.7051756007393716,0.2430683918663515
1238,M,信息科学与工程学院,24,硕士,1,0.7051756007393716,0.11718696515342267
1239,M,土木工程学院,24,硕士,3,0.6401294498381876,0.24447321107462539
1240,M,土木工程学院,24,硕士,3,0.6401294498381876,0.21309909076853392
1241,M,数学学院,24,硕士,5,0.6766998118785272,0.3330517909923096
1242,M,自动化学院,24,硕士,13,0.6293706293706294,0.0653162929021953
1243,M,计算机科学与工程学院,24,硕士,15,0.7337128399746996,0.328990090657839
1244,F,经济管理学院,24,硕士,11,0.5593798449612403,0.20131078224070267
1245,M,经济管理学院,24,硕士,11,0.5593798449612403,0.2176603241716146
1246,M,外国语学院,24,硕士,4,0.4865988909426987,0.1732816457854661
1247,M,外国语学院,24,硕士,4,0.4865988909426987,0.3752970689182552
1248,M,化学化工学院,24,硕士,2,0.5572176514584891,0.0875093492887995
1249,M,化学化工学院,24,硕士,2,0.5572176514584891,0.04429124256088625
1250,M,法学院,24,硕士,7,0.4060192023633678,0.48536500038781566
1251,M,法学院,24,硕士,7,0.4060192023633678,0.31804624474432813
1252,F,人文学院,24,硕士,0,0.4201434410426467,0.11471855907722744
1253,M,人文学院,24,硕士,0,0.4201434410426467,0.16828616230932242
1254,F,人文学院,24,硕士,0,0.4201434410426467,0.07659828796168998
1255,F,人文学院,24,硕士,0,0.4201434410426467,0.2089719388010097
1256,M,人文学院,24,硕士,0,0.4201434410426467,0.16376482313077997
1257,F,艺术学院,24,硕士,14,0.5142951035162668,0.18979807938041623
1258,F,艺术学院,24,硕士,14,0.5142951035162668,0.3159517504005943
1259,F,艺术学院,24,硕士,14,0.5142951035162668,0.1315011155886246
1260,M,艺术学院,24,硕士,14,0.5142951035162668,0.2183766020371042
1261,F,艺术学院,24,硕士,14,0.5142951035162668,0.13390568517887955
1262,F,机械工程学院,18,博士,6,0.7081920903954803,0.18444444444392344
1263,F,能源与环境学院,18,博士,12,0.6686073591057289,0.2682742657119269
1264,F,电子科学与工程学院,18,博士,9,0.5672328379334749,0.21623982660928437
1265,F,经济管理学院,18,博士,11,0.5593798449612403,0.11522825150714262
1266,F,经济管理学院,18,博士,11,0.5593798449612403,0.23491019096201055
1267,F,人文学院,18,博士,0,0.4201434410426467,0.14782184200210072
1268,M,人文学院,18,博士,0,0.4201434410426467,0.17618056091089468
1269,M,艺术学院,18,博士,14,0.5142951035162668,0.22398426294722731
1270,M,机械工程学院,18,博士,6,0.7081920903954803,0.18537556728668575
1271,M,能源与环境学院,18,博士,12,0.6686073591057289,0.20031093039895947
1272,M,土木工程学院,18,博士,3,0.6401294498381876,0.18951887810099347
1273,M,化学化工学院,18,博士,2,0.5572176514584891,0.17473821989398103
1274,M,法学院,18,博士,7,0.4060192023633678,0.4528803545043337
1275,M,法学院,18,博士,7,0.4060192023633678,0.48544617255970846
1276,M,能源与环境学院,18,博士,12,0.6686073591057289,0.1869801716676729
1277,M,机械工程学院,19,博士,6,0.7081920903954803,0.1561814556326595
1278,M,土木工程学院,19,博士,3,0.6401294498381876,0.1566576285019507
1279,F,土木工程学院,19,博士,3,0.6401294498381876,0.07876605073581502
1280,M,电气工程学院,19,博士,10,0.5771838851216593,0.28208820181427946
1281,M,法学院,19,博士,7,0.4060192023633678,0.45357090103313596
1282,M,人文学院,19,博士,0,0.4201434410426467,0.1685232805821439
1283,F,人文学院,19,博士,0,0.4201434410426467,0.18577928587939707
1284,F,艺术学院,19,博士,14,0.5142951035162668,0.19260050388838984
1285,F,艺术学院,19,博士,14,0.5142951035162668,0.196839741482862
1286,F,艺术学院,19,博士,14,0.5142951035162668,0.2781588892535686
1287,M,信息科学与工程学院,19,博士,1,0.7051756007393716,0.22290896487933712
1288,M,信息科学与工程学院,19,博士,1,0.7051756007393716,0.28270751837616837
1289,M,土木工程学院,19,博士,3,0.6401294498381876,0.17106898854434763
1290,M,土木工程学院,19,博士,3,0.6401294498381876,0.17358021656865857
1291,M,土木工程学院,19,博士,3,0.6401294498381876,0.17161611175067648
1292,M,土木工程学院,19,博士,3,0.6401294498381876,0.19913700107831903
1293,F,电子科学与工程学院,19,博士,9,0.5672328379334749,0.20718329794689605
1294,M,电子科学与工程学院,19,博士,9,0.5672328379334749,0.28489654885207877
1295,M,自动化学院,19,博士,13,0.6293706293706294,0.2241555055103927
1296,F,计算机科学与工程学院,19,博士,15,0.7337128399746996,0.11886991355606871
1297,F,物理学院,19,博士,8,0.5721231766612642,0.20367368989625245
1298,F,经济管理学院,19,博士,11,0.5593798449612403,0.05810971973753662
1299,M,法学院,19,博士,7,0.4060192023633678,0.325950829624866
1300,F,法学院,19,博士,7,0.4060192023633678,0.30614366212537164
1301,M,法学院,19,博士,7,0.4060192023633678,0.47445839487849384
1302,M,人文学院,19,博士,0,0.4201434410426467,0.15433907725867752
1303,M,能源与环境学院,19,博士,12,0.6686073591057289,0.2295906075834237
1304,F,计算机科学与工程学院,19,博士,15,0.7337128399746996,0.22644402276896622
1305,M,电气工程学院,19,博士,10,0.5771838851216593,0.09432788193021809
1306,M,法学院,19,博士,7,0.4060192023633678,0.3671908940822137
1307,F,人文学院,19,博士,0,0.4201434410426467,0.12062907249921996
1308,F,艺术学院,19,博士,14,0.5142951035162668,0.197402881924411
1309,F,艺术学院,19,博士,14,0.5142951035162668,0.15403488509334065
1310,M,能源与环境学院,19,博士,12,0.6686073591057289,0.19858346327488635
1311,M,计算机科学与工程学院,19,博士,15,0.7337128399746996,0.27187855787304316
1312,M,能源与环境学院,20,博士,12,0.6686073591057289,0.2960754136199338
1313,M,信息科学与工程学院,20,博士,1,0.7051756007393716,0.26166820702342497
1314,M,土木工程学院,20,博士,3,0.6401294498381876,0.153926856610705
1315,M,土木工程学院,20,博士,3,0.6401294498381876,0.16028972106607425
1316,F,土木工程学院,20,博士,3,0.6401294498381876,0.19683567062165372
1317,F,数学学院,20,博士,5,0.6766998118785272,0.21039194330839228
1318,F,电气工程学院,20,博士,10,0.5771838851216593,0.2360837929649607
1319,F,人文学院,20,博士,0,0.4201434410426467,0.18731830968899954
1320,F,艺术学院,20,博士,14,0.5142951035162668,0.14473107678801939
1321,M,艺术学院,20,博士,14,0.5142951035162668,0.3326293711695449
1322,M,机械工程学院,20,博士,6,0.7081920903954803,0.20336864406722213
1323,M,机械工程学院,20,博士,6,0.7081920903954803,0.13349299926270322
1324,M,土木工程学院,20,博士,3,0.6401294498381876,0.16909761420901276
1325,M,土木工程学院,20,博士,3,0.6401294498381876,0.15980120203386697
1326,M,土木工程学院,20,博士,3,0.6401294498381876,0.10165183387248834
1327,M,人文学院,20,博士,0,0.4201434410426467,0.19956971642002908
1328,M,人文学院,20,博士,0,0.4201434410426467,0.1566550592924028
1329,M,艺术学院,20,博士,14,0.5142951035162668,0.19566276231130705
1330,F,经济管理学院,20,博士,11,0.5593798449612403,0.202825150731813
1331,F,法学院,20,博士,7,0.4060192023633678,0.3052691809372215
1332,F,法学院,20,博士,7,0.4060192023633678,0.4374979484646444
1333,F,艺术学院,20,博士,14,0.5142951035162668,0.3183974148313313
1334,M,机械工程学院,21,博士,6,0.7081920903954803,0.24299435028179944
1335,M,信息科学与工程学院,21,博士,1,0.7051756007393716,0.1759609111662782
1336,F,经济管理学院,21,博士,11,0.5593798449612403,0.14385211687514968
1337,M,电气工程学院,21,博士,10,0.5771838851216593,0.24849210090435261
1338,M,机械工程学院,21,博士,6,0.7081920903954803,0.2209136956939016
1339,M,能源与环境学院,21,博士,12,0.6686073591057289,0.2232867031779327
1340,M,土木工程学院,21,博士,3,0.6401294498381876,0.14473054734737315
1341,M,自动化学院,21,博士,13,0.6293706293706294,0.12095312095255707
1342,M,计算机科学与工程学院,21,博士,15,0.7337128399746996,0.1779230210591506
1343,M,经济管理学院,21,博士,11,0.5593798449612403,0.1194418604649311
1344,M,法学院,21,博士,7,0.4060192023633678,0.37256569229504405
1345,F,艺术学院,21,博士,14,0.5142951035162668,0.237362509906629
1346,F,能源与环境学院,21,博士,12,0.6686073591057289,0.32095171557136865
1347,F,法学院,21,博士,7,0.4060192023633678,0.3929098966019333
1348,M,机械工程学院,22,博士,6,0.7081920903954803,0.056920903954641465
1349,M,机械工程学院,22,博士,6,0.7081920903954803,0.20179763739028767
1350,M,机械工程学院,22,博士,6,0.7081920903954803,0.22131307227679545
1351,M,机械工程学院,22,博士,6,0.7081920903954803,0.16946979574050344
1352,M,机械工程学院,22,博士,6,0.7081920903954803,0.2811037126707152
1353,M,机械工程学院,22,博士,6,0.7081920903954803,0.14852616064806975
1354,M,能源与环境学院,22,博士,12,0.6686073591057289,0.1660902397205499
1355,M,信息科学与工程学院,22,博士,1,0.7051756007393716,0.2749999999993646
1356,M,土木工程学院,22,博士,3,0.6401294498381876,0.15538496274520552
1357,M,土木工程学院,22,博士,3,0.6401294498381876,0.17287786168007768
1358,F,土木工程学院,22,博士,3,0.6401294498381876,0.24871969567879115
1359,M,土木工程学院,22,博士,3,0.6401294498381876,0.21327495399408267
1360,M,土木工程学院,22,博士,3,0.6401294498381876,0.19948859323142065
1361,M,土木工程学院,22,博士,3,0.6401294498381876,0.1939410284066294
1362,F,数学学院,22,博士,5,0.6766998118785272,0.23692311450914805
1363,M,数学学院,22,博士,5,0.6766998118785272,0.09019752754611611
1364,M,物理学院,22,博士,8,0.5721231766612642,0.08413142772902832
1365,F,经济管理学院,22,博士,11,0.5593798449612403,0.20811943726640145
1366,M,经济管理学院,22,博士,11,0.5593798449612403,0.12889358703292209
1367,M,经济管理学院,22,博士,11,0.5593798449612403,0.10392764857865025
1368,F,经济管理学院,22,博士,11,0.5593798449612403,0.19805376876103223
1369,F,经济管理学院,22,博士,11,0.5593798449612403,0.15691472868192727
1370,F,电气工程学院,22,博士,10,0.5771838851216593,0.2023667065541722
1371,M,电气工程学院,22,博士,10,0.5771838851216593,0.10754502776797334
1372,F,外国语学院,22,博士,4,0.4865988909426987,0.23092421441667782
1373,F,外国语学院,22,博士,4,0.4865988909426987,0.12819713708404842
1374,F,外国语学院,22,博士,4,0.4865988909426987,0.11296830620749385
1375,M,外国语学院,22,博士,4,0.4865988909426987,0.14838455021496433
1376,F,法学院,22,博士,7,0.4060192023633678,0.30200530175086676
1377,F,法学院,22,博士,7,0.4060192023633678,0.1862593219724918
1378,F,法学院,22,博士,7,0.4060192023633678,0.36803735645808067
1379,M,法学院,22,博士,7,0.4060192023633678,0.379155870885805
1380,M,法学院,22,博士,7,0.4060192023633678,0.432475205738809
1381,F,人文学院,22,博士,0,0.4201434410426467,0.2371370804146494
1382,M,机械工程学院,22,博士,6,0.7081920903954803,0.29305293994476744
1383,M,机械工程学院,22,博士,6,0.7081920903954803,0.13337433934717197
1384,M,信息科学与工程学院,22,博士,1,0.7051756007393716,0.16524386289159862
1385,F,土木工程学院,22,博士,3,0.6401294498381876,0.21766127292293924
1386,M,数学学院,22,博士,5,0.6766998118785272,0.3937785541510514
1387,M,电气工程学院,22,博士,10,0.5771838851216593,0.2825925247134558
1388,F,机械工程学院,23,博士,6,0.7081920903954803,0.16443816698007535
1389,F,机械工程学院,23,博士,6,0.7081920903954803,0.23968403431612562
1390,F,能源与环境学院,23,博士,12,0.6686073591057289,0.17867612811268288
1391,F,信息科学与工程学院,23,博士,1,0.7051756007393716,0.24153614164746215
1392,M,信息科学与工程学院,23,博士,1,0.7051756007393716,0.09806941877159515
1393,M,信息科学与工程学院,23,博士,1,0.7051756007393716,0.15340675703394419
1394,M,土木工程学院,23,博士,3,0.6401294498381876,0.22581291416194155
1395,M,土木工程学院,23,博士,3,0.6401294498381876,0.10216730410883125
1396,M,土木工程学院,23,博士,3,0.6401294498381876,0.16536703138609207
1397,M,土木工程学院,23,博士,3,0.6401294498381876,0.1628115596430939
1398,F,数学学院,23,博士,5,0.6766998118785272,0.1335450289250856
1399,M,计算机科学与工程学院,23,博士,15,0.7337128399746996,0.21537001897396985
1400,F,经济管理学院,23,博士,11,0.5593798449612403,0.20524395804801743
1401,M,经济管理学院,23,博士,11,0.5593798449612403,0.22292749657968175
1402,F,经济管理学院,23,博士,11,0.5593798449612403,0.18556730091585044
1403,F,经济管理学院,23,博士,11,0.5593798449612403,0.11872523686458769
1404,F,经济管理学院,23,博士,11,0.5593798449612403,0.14024978466817187
1405,M,经济管理学院,23,博士,11,0.5593798449612403,0.16258795468072587
1406,M,电气工程学院,23,博士,10,0.5771838851216593,0.19618401808191924
1407,M,电气工程学院,23,博士,10,0.5771838851216593,0.2903619864368155
1408,M,外国语学院,23,博士,4,0.4865988909426987,0.09354952701924803
1409,M,化学化工学院,23,博士,2,0.5572176514584891,0.20955607373682852
1410,F,化学化工学院,23,博士,2,0.5572176514584891,0.14751101138425365
1411,M,法学院,23,博士,7,0.4060192023633678,0.2672240979104583
1412,M,法学院,23,博士,7,0.4060192023633678,0.36324470704019596
1413,F,法学院,23,博士,7,0.4060192023633678,0.4022156573109265
1414,F,法学院,23,博士,7,0.4060192023633678,0.3757253640001504
1415,M,法学院,23,博士,7,0.4060192023633678,0.3915350912204835
1416,F,人文学院,23,博士,0,0.4201434410426467,0.07395320579250833
1417,F,人文学院,23,博士,0,0.4201434410426467,0.0936222719209581
1418,F,艺术学院,23,博士,14,0.5142951035162668,0.18191340782093013
1419,F,艺术学院,23,博士,14,0.5142951035162668,0.2169975449920078
1420,M,艺术学院,23,博士,14,0.5142951035162668,0.15277842980742623
1421,M,机械工程学院,23,博士,6,0.7081920903954803,0.20631876300863514
1422,M,信息科学与工程学院,23,博士,1,0.7051756007393716,0.22962327259871246
1423,M,信息科学与工程学院,23,博士,1,0.7051756007393716,0.26067797729012915
1424,M,信息科学与工程学院,23,博士,1,0.7051756007393716,0.10180577278520485
1425,M,自动化学院,23,博士,13,0.6293706293706294,0.1861574323104106
1426,M,法学院,23,博士,7,0.4060192023633678,0.4695401424963092
1427,M,机械工程学院,24,博士,6,0.7081920903954803,0.09956057752639798
1428,M,能源与环境学院,24,博士,12,0.6686073591057289,0.1628699665491401
1429,M,能源与环境学院,24,博士,12,0.6686073591057289,0.41034000931436815
1430,M,信息科学与工程学院,24,博士,1,0.7051756007393716,0.1017791127539238
1431,M,信息科学与工程学院,24,博士,1,0.7051756007393716,0.13582871226093077
1432,F,土木工程学院,24,博士,3,0.6401294498381876,0.11375688411943889
1433,M,土木工程学院,24,博士,3,0.6401294498381876,0.17215480043112805
1434,M,土木工程学院,24,博士,3,0.6401294498381876,0.14539260773261087
1435,M,电子科学与工程学院,24,博士,9,0.5672328379334749,0.19668350538037147
1436,M,电子科学与工程学院,24,博士,9,0.5672328379334749,0.18275355217965708
1437,M,化学化工学院,24,博士,2,0.5572176514584891,0.13111166514209813
1438,F,化学化工学院,24,博士,2,0.5572176514584891,0.2343363442822356
1439,F,化学化工学院,24,博士,2,0.5572176514584891,0.18249813014074423
1440,F,人文学院,24,博士,0,0.4201434410426467,0.1018225752550563
1441,F,人文学院,24,博士,0,0.4201434410426467,0.23472602048970156
1442,M,人文学院,24,博士,0,0.4201434410426467,0.1007814709132664
1443,M,艺术学院,24,博士,14,0.5142951035162668,0.2995698025269179
1444,M,土木工程学院,24,博士,3,0.6401294498381876,0.1850988852926607
1445,M,土木工程学院,24,博士,3,0.6401294498381876,0.09244875943885124
1446,M,土木工程学院,24,博士,3,0.6401294498381876,0.12303898905814108
1447,M,外国语学院,24,博士,4,0.4865988909426987,0.21555452864965086
1448,M,法学院,24,博士,7,0.4060192023633678,0.18867099432445925
1449,M,艺术学院,24,博士,14,0.5142951035162668,0.2158095081604516
1450,F,机械工程学院,24,博士,6,0.7081920903954803,0.20323772272867405
1451,M,人文学院,24,博士,0,0.4201434410426467,0.12950337551237565
